Player,Team,Pos,Age,G,AB,R,H,2B,3B,HR,RBI,SB,CS,BB,SO,SH,SF,HBP,AVG,OBP,SLG,OPS
Whit Merrifield,KC,2B,32,162,664,97,184,42,3,10,74,40,4,40,103,0,12,4,.277,.317,.395,.712
Marcus Semien,TOR,2B,31,162,652,115,173,39,2,45,102,15,1,66,146,0,3,3,.265,.334,.538,.872
Tommy Edman,STL,2B,26,159,641,91,168,41,3,11,56,30,5,38,95,2,4,6,.262,.308,.387,.695
Bo Bichette,TOR,SS,23,159,640,121,191,30,1,29,102,25,1,40,137,0,4,6,.298,.343,.484,.827
Isiah Kiner-Falefa,TEX,SS,26,158,635,74,172,25,3,8,53,20,5,28,90,1,2,11,.271,.312,.357,.669
Ozzie Albies,ATL,2B,25,156,629,103,163,40,7,30,106,20,4,47,128,0,7,3,.259,.310,.488,.798
David Fletcher,LAA,2B,27,157,626,74,164,27,3,2,47,15,3,31,60,6,1,1,.262,.297,.324,.621
Jonathan Schoop,DET,2B,30,156,623,85,173,30,1,22,84,2,0,37,133,0,8,6,.278,.320,.435,.755
Salvador Perez,KC,C,31,161,620,88,169,24,0,48,121,1,0,28,170,0,4,13,.273,.316,.544,.860
Mitch Haniger,SEA,OF,31,157,620,110,157,23,2,39,100,1,0,54,169,0,8,9,.253,.318,.485,.803
J.P. Crawford,SEA,SS,27,160,619,89,169,37,0,9,54,3,6,58,114,1,4,5,.273,.338,.376,.714
Vladimir Guerrero,TOR,1B,22,161,604,123,188,29,1,48,111,4,1,86,110,0,2,6,.311,.401,.601,1.002
Kyle Seager,SEA,3B,34,159,603,73,128,29,1,35,101,3,1,59,161,0,4,4,.212,.285,.438,.723
Paul Goldschmidt,STL,1B,34,158,603,102,177,36,2,31,99,12,0,67,136,0,5,4,.294,.365,.514,.879
Cedric Mullins,BAL,OF,27,159,602,91,175,37,5,30,59,30,8,59,125,1,4,8,.291,.360,.518,.878
Jose Altuve,HOU,2B,31,146,601,117,167,32,1,31,83,5,3,66,91,1,6,4,.278,.350,.489,.839
Freddie Freeman,ATL,1B,32,159,600,120,180,25,2,31,83,8,3,85,107,0,2,8,.300,.393,.503,.896
DJ LeMahieu,NYY,2B,33,150,597,84,160,24,1,10,57,4,2,73,94,0,5,4,.268,.349,.362,.711
Nolan Arenado,STL,3B,30,157,593,81,151,34,3,34,105,2,0,50,96,0,7,3,.255,.312,.494,.806
Rafael Devers,BOS,3B,25,156,591,101,165,37,1,38,113,5,5,62,143,0,4,7,.279,.352,.538,.890
Austin Riley,ATL,3B,24,160,590,91,179,33,1,33,107,0,1,52,168,0,8,12,.303,.367,.531,.898
Dansby Swanson,ATL,SS,27,160,588,78,146,33,2,27,88,9,3,52,167,1,7,5,.248,.311,.449,.760
Jorge Polanco,MIN,SS,28,152,588,97,158,35,2,33,98,11,6,45,118,0,6,5,.269,.323,.503,.826
Adolis Garcia,TEX,OF,28,149,581,77,141,26,2,31,90,16,5,32,194,0,4,5,.243,.286,.454,.740
Ty France,SEA,2B,27,152,571,85,166,32,1,18,73,0,0,46,106,0,6,27,.291,.368,.445,.813
J.D. Martinez,BOS,DH,34,148,570,92,163,42,3,28,99,0,0,55,150,0,5,3,.286,.349,.518,.867
Jake Cronenworth,SD,2B,27,152,567,94,151,33,7,21,71,4,3,55,90,3,3,10,.266,.340,.460,.800
Jose Abreu,CWS,1B,34,152,566,86,148,30,2,30,117,1,0,61,143,0,10,22,.261,.351,.481,.832
Matt Olson,OAK,1B,27,156,565,101,153,35,0,39,111,4,1,88,113,0,11,9,.271,.371,.540,.911
Carlos Santana,KC,1B,35,158,565,66,121,15,0,19,69,2,0,86,102,0,5,3,.214,.319,.342,.661
Manny Machado,SD,3B,29,153,564,92,157,31,2,28,106,12,3,63,102,0,11,2,.278,.347,.489,.836
Pete Alonso,NYM,1B,27,152,561,81,147,27,3,37,94,3,0,60,127,0,4,12,.262,.344,.519,.863
Bryan Reynolds,PIT,OF,26,159,559,93,169,35,8,24,90,5,2,75,119,0,4,8,.302,.390,.522,.912
Robbie Grossman,DET,OF,32,156,557,88,133,23,3,23,67,20,5,98,155,2,6,8,.239,.357,.415,.772
Jeimer Candelario,DET,1B,28,149,557,75,151,42,3,16,67,0,0,65,135,0,0,4,.271,.351,.443,.794
Nathaniel Lowe,TEX,1B,26,157,557,75,147,24,3,18,72,8,0,80,162,0,3,2,.264,.357,.415,.772
Trey Mancini,BAL,1B,29,147,556,77,142,33,1,21,71,0,0,51,143,0,1,8,.255,.326,.432,.758
Carlos Correa,HOU,SS,27,148,555,104,155,34,1,26,92,0,0,75,116,0,6,4,.279,.366,.485,.851
Jose Ramirez,CLE,3B,29,152,552,111,147,32,5,36,103,27,4,72,87,0,5,7,.266,.355,.538,.893
Amed Rosario,CLE,SS,26,141,550,77,155,25,6,11,57,13,0,31,120,0,4,3,.282,.321,.409,.730
Aaron Judge,NYY,OF,29,148,550,89,158,24,0,39,98,6,1,75,158,0,5,3,.287,.373,.544,.917
Teoscar Hernandez,TOR,OF,29,143,550,92,163,29,0,32,116,12,4,36,148,0,2,7,.296,.346,.524,.870
Alex Verdugo,BOS,OF,25,146,544,88,157,32,2,13,63,6,2,51,96,0,5,4,.289,.351,.426,.777
Dylan Carlson,STL,OF,23,149,542,79,144,31,4,18,65,2,1,57,152,1,8,11,.266,.343,.437,.780
Yordan Alvarez,HOU,OF,24,144,537,92,149,35,1,33,104,1,0,50,145,0,3,8,.277,.346,.531,.877
Shohei Ohtani,LAA,DH,27,158,537,103,138,26,8,46,100,26,10,96,189,0,2,4,.257,.372,.592,.964
Brandon Lowe,TB,2B,27,149,535,97,132,31,0,39,99,7,1,68,167,0,3,9,.247,.340,.523,.863
Ryan Mountcastle,BAL,1B,24,144,534,77,136,23,1,33,89,4,3,41,161,0,7,4,.255,.309,.487,.796
Justin Turner,LAD,3B,37,151,533,87,148,22,0,27,87,3,0,61,98,0,6,12,.278,.361,.471,.832
Jonathan India,CIN,2B,25,150,532,98,143,34,2,21,69,12,3,71,141,1,4,23,.269,.376,.459,.835
Nick Castellanos,CIN,OF,29,138,531,95,164,38,1,34,100,3,1,41,121,0,6,7,.309,.362,.576,.938
Yuli Gurriel,HOU,1B,37,143,530,83,169,31,0,15,81,1,1,59,68,0,12,4,.319,.383,.462,.845
Jared Walsh,LAA,1B,28,144,530,70,147,34,1,29,98,2,1,48,152,0,3,4,.277,.340,.509,.849
Xander Bogaerts,BOS,SS,29,144,529,90,156,34,1,23,79,5,1,62,113,0,7,5,.295,.370,.493,.863
Matt Chapman,OAK,3B,28,151,529,75,111,15,3,27,72,3,2,80,202,0,9,4,.210,.314,.403,.717
Randy Arozarena,TB,OF,26,141,529,94,145,32,3,20,69,20,10,56,170,0,5,14,.274,.356,.459,.815
Ryan McMahon,COL,2B,27,151,528,80,134,32,1,23,86,6,2,59,147,0,5,4,.254,.331,.449,.780
Tim Anderson,CWS,SS,28,123,527,94,163,29,2,17,61,18,7,22,119,0,1,1,.309,.338,.469,.807
Trevor Story,COL,SS,29,142,526,88,132,34,5,24,75,20,6,53,139,0,5,11,.251,.329,.471,.800
Hunter Renfroe,BOS,OF,29,144,521,89,135,33,0,31,96,1,2,44,130,0,6,1,.259,.315,.501,.816
Yoan Moncada,CWS,3B,26,144,520,74,137,33,1,14,61,3,2,84,157,0,2,10,.263,.375,.412,.787
Mark Canha,OAK,OF,32,141,519,93,120,22,4,17,61,12,2,77,128,0,2,27,.231,.358,.387,.745
Austin Meadows,TB,OF,26,142,518,79,121,29,3,27,106,4,3,59,122,0,8,6,.234,.315,.458,.773
Kevin Newman,PIT,2B,28,148,517,50,117,22,3,5,39,6,1,27,41,6,3,1,.226,.265,.309,.574
Charlie Blackmon,COL,OF,35,150,514,76,139,25,4,13,78,3,0,54,91,0,3,11,.270,.351,.411,.762
Jean Segura,PHI,2B,31,131,514,76,149,27,3,14,58,9,3,39,78,1,4,9,.290,.348,.436,.784
Randal Grichuk,TOR,OF,30,149,511,59,123,25,1,22,81,0,3,27,114,0,4,3,.241,.281,.423,.704
Giancarlo Stanton,NYY,DH,32,139,510,64,139,19,0,35,97,0,0,63,157,0,3,3,.273,.354,.516,.870
Eric Hosmer,SD,1B,32,151,509,53,137,28,0,12,65,5,4,48,99,1,2,5,.269,.337,.395,.732
Enrique Hernandez,BOS,2B,30,134,508,84,127,35,3,20,60,1,0,61,110,0,7,9,.250,.337,.449,.786
Chris Taylor,LAD,2B,31,148,507,92,129,25,4,20,73,13,1,63,167,1,3,8,.254,.344,.438,.782
Kyle Tucker,HOU,OF,24,140,506,83,149,37,3,30,92,14,2,53,90,0,5,1,.294,.359,.557,.916
Eugenio Suarez,CIN,3B,30,145,505,71,100,23,0,31,79,0,1,56,171,0,5,8,.198,.286,.428,.714
Juan Soto,WAS,OF,23,151,502,111,157,20,2,29,95,9,7,145,93,0,5,2,.313,.465,.534,.999
Lourdes Gurriel,TOR,OF,28,141,500,62,138,28,2,21,84,1,3,32,102,1,6,2,.276,.319,.466,.785
Pavin Smith,ARI,1B,25,145,498,68,133,27,4,11,49,1,0,42,106,0,1,4,.267,.328,.404,.732
Josh Bell,WAS,1B,29,144,498,75,130,24,1,27,88,0,0,65,101,0,3,2,.261,.347,.476,.823
Max Muncy,LAD,2B,31,144,497,95,124,26,2,36,94,2,1,83,120,0,1,11,.249,.368,.527,.895
Nicky Lopez,KC,2B,26,151,497,78,149,21,6,2,43,22,1,49,74,12,3,4,.300,.365,.378,.743
Elvis Andrus,OAK,SS,33,146,497,60,121,25,2,3,37,12,2,31,81,3,4,6,.243,.294,.320,.614
Miguel Rojas,MIA,SS,32,132,495,66,131,30,3,9,48,13,3,37,74,1,1,5,.265,.322,.392,.714
Andrew Benintendi,KC,OF,27,134,493,63,136,27,2,17,73,8,9,36,97,1,6,2,.276,.324,.442,.766
Luis Urias,MIL,SS,24,150,490,77,122,25,1,23,75,5,1,63,116,1,3,10,.249,.345,.445,.790
Austin Hays,BAL,OF,26,131,488,73,125,26,4,22,71,4,3,28,107,3,1,9,.256,.308,.461,.769
Bryce Harper,PHI,OF,29,141,488,101,151,42,1,35,84,13,3,100,134,2,4,5,.309,.429,.615,1.044
Raimel Tapia,COL,OF,27,133,487,69,133,26,2,6,50,20,6,40,70,1,4,1,.273,.327,.372,.699
Hunter Dozier,KC,1B,30,144,487,55,105,27,6,16,54,5,4,43,154,0,6,7,.216,.285,.394,.679
David Peralta,ARI,OF,34,150,487,57,126,30,8,8,63,2,1,46,92,0,2,3,.259,.325,.402,.727
Josh Rojas,ARI,2B,27,139,484,69,128,32,3,11,44,9,4,58,137,1,3,0,.264,.341,.411,.752
Kyle Farmer,CIN,2B,31,147,483,60,127,22,2,16,63,2,3,22,97,1,5,18,.263,.316,.416,.732
Michael Taylor,KC,OF,30,142,483,58,118,16,1,12,54,14,7,33,144,2,5,5,.244,.297,.356,.653
Brandon Crawford,SF,SS,34,138,483,79,144,30,3,24,90,11,3,56,105,0,5,5,.298,.373,.522,.895
Tyler O'Neill,STL,OF,26,138,482,89,138,26,2,34,80,15,4,38,168,0,4,13,.286,.352,.560,.912
Andrew McCutchen,PHI,OF,35,144,482,78,107,24,1,27,80,6,1,81,132,0,7,4,.222,.334,.444,.778
Fernando Tatis,SD,SS,23,130,478,99,135,31,0,42,97,25,4,62,153,0,4,2,.282,.364,.611,.975
J.T. Realmuto,PHI,C,30,134,476,64,125,25,4,17,73,13,3,48,129,0,2,11,.263,.343,.439,.782
Tommy Pham,SD,OF,33,155,475,74,109,24,2,15,49,14,6,78,128,0,4,4,.229,.340,.383,.723
Miguel Cabrera,DET,DH,38,130,472,48,121,16,0,15,75,0,0,40,118,0,9,5,.256,.316,.386,.702
Miguel Sano,MIN,1B,28,135,470,68,105,24,0,30,75,2,1,59,183,0,1,2,.223,.312,.466,.778
C.J. Cron,COL,1B,32,142,470,70,132,31,1,28,92,1,0,60,117,0,4,13,.281,.375,.530,.905
Michael Brantley,HOU,OF,34,121,469,68,146,29,3,8,47,1,0,33,53,0,1,5,.311,.362,.437,.799
Mike Yastrzemski,SF,OF,31,139,468,75,105,28,3,25,71,4,0,51,131,1,3,9,.224,.311,.457,.768
Mookie Betts,LAD,OF,29,122,466,93,123,29,3,23,58,10,5,68,86,0,5,11,.264,.367,.487,.854
Ian Happ,CHC,OF,27,148,465,63,105,20,1,25,66,9,2,62,156,2,1,5,.226,.323,.434,.757
Yandy Diaz,TB,3B,30,134,465,62,119,20,1,13,64,1,1,69,85,0,4,3,.256,.353,.387,.740
Jazz Chisholm,MIA,2B,23,124,464,70,115,20,4,18,53,23,8,34,145,2,3,4,.248,.303,.425,.728
Trent Grisham,SD,OF,25,132,462,61,112,28,3,15,62,13,5,54,119,1,4,6,.242,.327,.413,.740
Avisail Garcia,MIL,OF,30,135,461,68,121,18,0,29,86,8,4,38,121,0,5,11,.262,.330,.490,.820
Joey Wendle,TB,2B,31,136,460,73,122,31,4,11,54,8,6,28,113,0,3,10,.265,.319,.422,.741
Gleyber Torres,NYY,SS,25,127,459,50,119,22,0,9,51,14,6,50,104,2,4,1,.259,.331,.366,.697
Christian Vazquez,BOS,C,31,138,458,51,118,23,1,6,49,8,4,33,84,1,4,2,.258,.308,.352,.660
Nick Solak,TEX,2B,27,127,458,57,111,18,2,11,49,7,5,34,107,2,2,15,.242,.314,.362,.676
Jed Lowrie,OAK,2B,37,139,457,55,112,28,0,14,69,0,0,49,108,0,4,2,.245,.318,.398,.716
Josh Donaldson,MIN,3B,36,135,457,73,113,26,0,26,72,0,0,74,114,0,8,4,.247,.352,.475,.827
Jonathan Villar,NYM,2B,30,142,454,63,113,18,2,18,42,14,7,46,132,2,0,3,.249,.322,.416,.738
Garrett Hampson,COL,2B,27,147,453,69,106,21,6,11,33,17,7,33,118,3,2,3,.234,.289,.380,.669
Francisco Lindor,NYM,SS,28,125,452,73,104,16,3,20,63,10,4,58,96,6,3,5,.230,.322,.412,.734
Odubel Herrera,PHI,OF,30,124,450,59,117,27,2,13,51,6,1,29,77,1,5,6,.260,.310,.416,.726
Jesus Aguilar,MIA,1B,31,131,449,49,117,23,0,22,93,0,0,46,93,0,7,3,.261,.329,.459,.788
Joey Votto,CIN,1B,38,129,448,73,119,23,1,36,99,1,0,77,127,0,4,4,.266,.375,.563,.938
Dominic Smith,NYM,1B,26,145,446,43,109,20,0,11,58,2,1,32,112,0,6,9,.244,.304,.363,.667
Kolten Wong,MIL,2B,31,116,445,70,121,32,2,14,50,12,5,31,83,0,3,13,.272,.335,.447,.782
Wil Myers,SD,OF,31,146,442,56,113,24,2,17,63,8,5,54,141,0,4,0,.256,.334,.434,.768
Yadier Molina,STL,C,39,121,440,45,111,19,0,11,66,3,0,24,79,0,3,5,.252,.297,.370,.667
Nick Ahmed,ARI,SS,31,129,434,46,96,30,3,5,38,7,2,34,104,2,1,2,.221,.280,.339,.619
Luis Arraez,MIN,2B,24,121,428,58,126,17,6,2,42,2,2,43,48,0,6,2,.294,.357,.376,.733
Max Kepler,MIN,OF,28,121,426,61,90,21,4,19,54,10,0,54,96,0,4,6,.211,.306,.413,.719
Jose Iglesias,LAA,SS,32,114,424,57,110,23,1,8,41,5,2,18,66,0,1,4,.259,.295,.375,.670
Jesse Winker,CIN,OF,28,110,423,77,129,32,1,24,71,1,0,53,75,0,0,9,.305,.394,.556,.950
Manuel Margot,TB,OF,27,125,421,55,107,18,3,10,57,13,8,37,70,1,4,1,.254,.313,.382,.695
Gio Urshela,NYY,3B,30,116,420,42,112,18,2,14,49,1,0,20,109,0,1,1,.267,.301,.419,.720
Franmil Reyes,CLE,DH,26,115,418,57,106,18,2,30,85,4,1,43,149,0,3,2,.254,.324,.522,.846
Bobby Dalbec,BOS,1B,26,133,417,50,100,21,5,25,78,2,0,28,156,0,1,7,.240,.298,.494,.792
Andrew Vaughn,CWS,1B,23,127,417,56,98,22,0,15,48,1,1,41,101,0,5,6,.235,.309,.396,.705
Leury Garcia,CWS,SS,30,126,415,60,111,22,4,5,54,6,2,41,97,9,5,4,.267,.335,.376,.711
Will Smith,LAD,C,26,130,414,71,107,19,2,25,76,3,0,58,101,0,11,18,.258,.365,.495,.860
Akil Baddoo,DET,OF,23,124,413,60,107,20,7,13,55,18,4,45,122,0,3,0,.259,.330,.436,.766
Willson Contreras,CHC,C,29,128,413,61,98,20,0,21,57,5,4,52,138,0,4,14,.237,.340,.438,.778
Willi Castro,DET,SS,24,125,413,56,91,15,6,9,38,9,4,23,109,3,3,8,.220,.273,.351,.624
Andrelton Simmons,MIN,SS,32,131,412,37,92,12,0,3,31,1,0,32,62,3,1,3,.223,.283,.274,.557
Tyler Naquin,CIN,OF,30,127,411,52,111,24,2,19,70,5,3,35,106,0,3,5,.270,.333,.477,.810
Anthony Santander,BAL,OF,27,110,406,54,98,24,0,18,50,1,1,23,101,1,4,4,.241,.286,.433,.719
Michael Conforto,NYM,OF,28,125,406,52,94,20,0,14,55,1,0,59,104,0,2,12,.232,.344,.384,.728
Christian Walker,ARI,1B,30,115,401,55,98,23,1,10,46,0,0,38,106,0,2,4,.244,.315,.382,.697
Christian Yelich,MIL,OF,30,117,399,70,99,19,2,9,51,9,3,70,113,0,3,3,.248,.362,.373,.735
Buster Posey,SF,C,34,113,395,68,120,23,0,18,56,0,0,56,87,0,2,1,.304,.390,.499,.889
Sean Murphy,OAK,C,27,119,393,47,85,23,0,17,59,0,0,40,114,0,3,12,.216,.306,.405,.711
Omar Narvaez,MIL,C,29,123,391,54,104,20,0,11,49,0,0,41,84,0,6,7,.266,.342,.402,.744
Rhys Hoskins,PHI,1B,28,107,389,64,96,29,0,27,71,3,2,47,108,0,2,5,.247,.334,.530,.864
Wilmer Flores,SF,2B,30,139,389,57,102,16,1,18,53,1,0,41,56,0,3,3,.262,.335,.447,.782
Trea Turner,WAS,SS,28,96,388,66,125,17,3,18,49,21,3,26,77,0,2,4,.322,.369,.521,.890
Brendan Rodgers,COL,2B,25,102,387,49,110,21,3,15,51,0,0,19,84,0,2,7,.284,.328,.470,.798
Jackie Bradley,MIL,OF,31,134,387,39,63,14,3,6,29,7,1,28,132,0,3,10,.163,.236,.261,.497
Brett Gardner,NYY,OF,38,140,387,47,86,16,4,10,39,4,0,60,100,5,6,3,.222,.327,.362,.689
Jeff McNeil,NYM,2B,29,120,386,48,97,19,1,7,35,3,0,29,58,0,1,10,.251,.319,.360,.679
Adam Frazier,PIT,2B,30,98,386,58,125,28,4,4,32,5,4,35,46,0,1,6,.324,.388,.448,.836
AJ Pollock,LAD,OF,34,117,384,53,114,27,1,21,69,9,1,30,80,0,2,6,.297,.355,.536,.891
Gary Sanchez,NYY,C,29,117,383,54,78,13,1,23,54,0,0,52,121,0,0,5,.204,.307,.423,.730
Alec Bohm,PHI,3B,25,115,380,46,94,15,0,7,47,4,0,31,111,0,4,2,.247,.305,.342,.647
Pedro Severino,BAL,C,28,113,379,32,94,18,0,11,46,0,0,34,109,0,5,1,.248,.308,.383,.691
Maikel Franco,BAL,3B,29,104,377,31,79,22,0,11,47,0,0,20,67,0,3,3,.210,.253,.355,.608
Cesar Hernandez,CLE,2B,31,96,376,60,87,17,2,18,47,0,0,38,90,0,2,4,.231,.307,.431,.738
James McCann,NYM,C,31,121,375,29,87,12,1,10,46,1,2,32,115,0,3,2,.232,.294,.349,.643
Jacob Stallings,PIT,C,32,112,374,38,92,20,1,8,53,0,0,49,85,0,2,2,.246,.335,.369,.704
Martin Maldonado,HOU,C,35,125,373,40,64,10,1,12,36,0,0,47,127,0,1,5,.172,.272,.300,.572
Eduardo Escobar,ARI,3B,33,98,370,50,91,14,3,22,65,1,0,29,85,0,1,0,.246,.300,.478,.778
Didi Gregorius,PHI,SS,31,103,368,35,77,16,2,13,54,3,0,25,67,0,7,8,.209,.270,.370,.640
Harrison Bader,STL,OF,27,103,367,45,98,21,1,16,50,9,4,27,85,0,2,5,.267,.324,.460,.784
Willy Adames,MIL,SS,26,99,365,61,104,26,0,20,58,4,2,47,105,0,1,0,.285,.366,.521,.887
Ke'Bryan Hayes,PIT,3B,24,96,362,49,93,20,2,6,38,9,1,31,87,0,2,1,.257,.316,.373,.689
Paul DeJong,STL,SS,28,113,356,44,70,10,1,19,45,4,1,35,103,0,2,9,.197,.284,.390,.674
Jurickson Profar,SD,2B,28,137,353,47,80,17,2,4,33,10,5,49,65,1,2,6,.227,.329,.320,.649
Corey Seager,LAD,SS,27,95,353,54,108,22,3,16,57,1,1,48,66,0,3,5,.306,.394,.521,.915
Eric Haase,DET,C,29,98,351,48,81,12,1,22,61,2,0,26,119,0,2,2,.231,.286,.459,.745
Tyler Stephenson,CIN,C,25,132,350,56,100,21,0,10,45,0,0,41,75,0,5,6,.286,.366,.431,.797
Alex Bregman,HOU,3B,27,91,348,54,94,17,0,12,55,1,0,44,53,0,4,4,.270,.355,.422,.777
Tucker Barnhart,CIN,C,31,116,348,41,86,21,0,7,48,0,0,29,100,0,3,8,.247,.317,.368,.685
Kevin Kiermaier,TB,OF,31,122,348,54,90,19,7,4,37,9,5,33,99,0,4,5,.259,.328,.388,.716
Luis Torrens,SEA,C,25,108,346,39,84,16,2,15,47,0,0,28,99,0,3,1,.243,.299,.431,.730
Phil Gosselin,LAA,OF,33,104,345,40,90,14,0,7,47,4,2,24,81,0,1,3,.261,.314,.362,.676
Ramon Laureano,OAK,OF,27,88,341,43,84,21,2,14,39,12,5,27,98,0,1,9,.246,.317,.443,.760
Ketel Marte,ARI,2B,28,90,340,52,108,29,1,14,50,2,0,31,60,0,1,2,.318,.377,.532,.909
Harold Ramirez,CLE,OF,27,99,339,33,91,21,1,7,41,3,1,14,56,0,3,5,.268,.305,.398,.703
Patrick Wisdom,CHC,1B,30,106,338,54,78,13,0,28,61,4,1,32,153,0,0,4,.231,.305,.518,.823
Elias Diaz,COL,C,31,106,338,52,83,18,1,18,44,0,0,30,60,0,1,2,.246,.310,.464,.774
Jarred Kelenic,SEA,OF,22,93,337,41,61,13,1,14,43,6,4,36,106,0,1,3,.181,.265,.350,.615
LaMonte Wade,SF,OF,28,109,336,52,85,17,3,18,56,6,1,33,89,4,3,5,.253,.326,.482,.808
Gregory Polanco,PIT,OF,30,107,336,38,70,12,2,11,36,14,1,36,104,0,8,2,.208,.283,.354,.637
Javier Baez,CHC,SS,29,91,335,48,83,9,2,22,65,13,3,15,131,0,3,7,.248,.292,.484,.776
Gavin Lux,LAD,2B,24,102,335,49,81,12,4,7,46,4,1,41,83,0,2,3,.242,.328,.364,.692
Mike Zunino,TB,C,30,109,333,64,72,11,2,33,62,0,0,34,132,0,1,7,.216,.301,.559,.860
Dylan Moore,SEA,2B,29,126,332,42,60,11,2,12,43,21,5,40,111,0,1,4,.181,.276,.334,.610
Brad Miller,PHI,3B,32,140,331,53,75,9,3,20,49,3,0,45,112,0,0,1,.227,.321,.453,.774
Tony Kemp,OAK,2B,30,131,330,54,92,16,3,8,37,8,2,52,51,4,5,6,.279,.382,.418,.800
Kris Bryant,CHC,3B,30,93,326,58,87,19,2,18,51,4,2,39,89,0,1,8,.267,.358,.503,.861
Ben Gamel,PIT,OF,29,111,326,42,83,17,3,8,26,3,6,48,99,2,4,3,.255,.352,.399,.751
Brandon Nimmo,NYM,OF,28,92,325,51,95,17,3,8,28,5,4,54,79,2,0,5,.292,.401,.437,.838
Brandon Belt,SF,1B,33,97,325,65,89,14,2,29,59,3,2,48,103,0,1,7,.274,.378,.597,.975
Kevin Pillar,NYM,OF,33,124,325,40,75,11,2,15,47,4,3,11,81,0,1,10,.231,.277,.415,.692
Myles Straw,HOU,OF,27,98,325,44,85,13,1,2,34,17,5,38,71,1,4,2,.262,.339,.326,.665
Anthony Rizzo,CHC,1B,32,92,323,41,80,16,3,14,40,4,2,36,59,0,3,14,.248,.346,.446,.792
Jason Heyward,CHC,OF,32,104,323,35,69,15,2,8,30,5,1,27,68,0,0,3,.214,.280,.347,.627
Rougned Odor,NYY,2B,27,102,322,42,65,12,0,15,39,0,1,27,100,1,0,11,.202,.286,.379,.665
Josh Harrison,WAS,2B,34,90,320,39,94,23,2,6,38,5,2,25,50,0,1,12,.294,.366,.434,.800
Alcides Escobar,WAS,SS,35,75,319,53,92,21,2,4,28,3,0,17,56,2,2,9,.288,.340,.404,.744
Justin Upton,LAA,OF,34,89,318,47,67,12,0,17,41,4,1,39,107,0,3,1,.211,.296,.409,.705
Ronald Torreyes,PHI,SS,29,112,318,30,77,10,1,7,41,2,1,19,41,5,1,1,.242,.286,.346,.632
Colin Moran,PIT,1B,29,99,318,29,82,12,0,10,50,1,0,36,87,0,3,2,.258,.334,.390,.724
Harold Castro,DET,OF,28,106,315,35,89,13,1,3,37,1,1,14,72,4,5,1,.283,.310,.359,.669
Cody Bellinger,LAD,1B,26,95,315,39,52,9,2,10,36,3,1,31,94,0,3,1,.165,.240,.302,.542
Victor Robles,WAS,OF,24,107,315,37,64,21,1,2,19,8,6,33,85,4,1,16,.203,.310,.295,.605
Starlin Castro,WAS,2B,31,87,315,25,89,20,0,3,38,0,1,26,62,0,4,0,.283,.333,.375,.708
Adam Duvall,MIA,OF,33,91,314,41,72,10,1,22,68,5,0,21,105,0,3,1,.229,.277,.478,.755
Victor Caratini,SD,C,28,116,313,33,71,9,0,7,39,2,0,35,82,0,4,4,.227,.309,.323,.632
Joey Gallo,TEX,OF,28,95,310,57,69,6,1,25,55,6,0,74,125,0,0,4,.223,.379,.490,.869
Juan Lagares,LAA,OF,32,112,309,39,73,20,2,6,38,1,2,12,76,4,1,1,.236,.266,.372,.638
Jorge Soler,KC,OF,29,94,308,38,59,16,0,13,37,0,0,38,97,0,3,5,.192,.288,.370,.658
Donovan Solano,SF,2B,34,101,307,35,86,17,0,7,31,2,0,25,58,1,4,7,.280,.344,.404,.748
Guillermo Heredia,ATL,OF,30,120,305,46,67,26,0,5,26,0,0,32,81,0,1,9,.220,.311,.354,.665
Carson Kelly,ARI,C,27,98,304,41,73,11,1,13,46,0,0,44,74,0,5,6,.240,.343,.411,.754
Yonathan Daza,COL,OF,27,107,301,26,85,12,2,2,30,2,1,21,60,6,1,2,.282,.332,.355,.687
Bradley Zimmer,CLE,OF,29,99,299,44,68,9,1,8,35,15,3,30,122,0,4,15,.227,.325,.344,.669
George Springer,TOR,OF,32,78,299,59,79,19,1,22,50,4,1,37,79,0,1,4,.264,.352,.555,.907
Ronald Acuna,ATL,OF,24,82,297,72,84,19,1,24,52,17,6,49,85,0,5,9,.283,.394,.596,.990
Rafael Ortega,CHC,OF,30,103,296,44,86,14,2,11,33,12,6,30,70,2,0,2,.291,.360,.463,.823
Nelson Cruz,MIN,DH,41,85,296,44,87,13,1,19,50,3,0,35,63,0,7,5,.294,.370,.537,.907
Jorge Alfaro,MIA,C,28,92,295,22,72,15,1,4,30,8,1,11,99,0,0,5,.244,.283,.342,.625
Aledmys Diaz,HOU,2B,31,84,294,28,76,19,0,8,45,0,1,16,62,0,0,9,.259,.317,.405,.722
David Bote,CHC,2B,28,97,291,32,58,10,2,8,35,0,1,27,73,1,3,5,.199,.276,.330,.606
Niko Goodrum,DET,2B,29,90,290,39,62,11,2,9,33,14,5,29,107,0,2,4,.214,.292,.359,.651
Matt Duffy,CHC,3B,31,97,289,45,83,12,0,5,30,8,1,25,63,0,1,7,.287,.357,.381,.738
Edmundo Sosa,STL,2B,25,113,288,39,78,8,4,6,27,4,4,17,63,1,2,17,.271,.346,.389,.735
Austin Hedges,CLE,C,29,88,286,32,51,7,0,10,31,1,0,15,87,7,3,1,.178,.220,.308,.528
Jose Trevino,TEX,C,29,89,285,23,68,14,0,5,30,1,1,12,57,2,3,0,.239,.267,.340,.607
Daulton Varsho,ARI,C,25,95,284,41,70,17,2,11,38,6,0,30,67,1,0,0,.246,.318,.437,.755
Chas McCormick,HOU,OF,26,108,284,47,73,12,0,14,50,4,2,25,104,0,7,4,.257,.319,.447,.766
Asdrubal Cabrera,ARI,3B,36,90,283,34,69,21,0,7,40,1,0,33,73,0,3,2,.244,.324,.392,.716
Alex Dickerson,SF,OF,31,111,283,37,66,10,2,13,38,1,0,23,76,0,0,6,.233,.304,.420,.724
Eddie Rosario,CLE,OF,30,78,283,29,72,15,1,7,46,9,2,17,47,2,3,1,.254,.296,.389,.685
Max Stassi,LAA,C,30,87,282,45,68,11,1,13,35,0,0,28,101,0,1,8,.241,.326,.426,.752
Wander Franco,TB,SS,20,70,281,53,81,18,5,7,39,2,1,24,37,0,1,2,.288,.347,.463,.810
Seth Brown,OAK,OF,29,111,281,43,60,13,1,20,48,4,1,23,89,0,2,1,.214,.274,.480,.754
Yasmani Grandal,CWS,C,33,93,279,60,67,9,0,23,62,0,0,87,82,1,5,3,.240,.420,.520,.940
Tom Murphy,SEA,C,30,97,277,35,56,8,0,11,34,0,0,40,99,0,3,2,.202,.304,.350,.654
Luis Robert,CWS,OF,24,68,275,42,93,22,1,13,43,6,1,14,61,0,2,5,.338,.378,.567,.945
Austin Slater,SF,OF,29,129,274,39,66,12,1,12,32,15,2,28,84,0,0,4,.241,.320,.423,.743
Lewis Brinson,MIA,OF,27,89,274,24,62,14,0,9,33,1,1,13,72,1,1,1,.226,.263,.376,.639
Josh VanMeter,ARI,2B,26,112,274,26,58,17,2,6,36,3,2,33,83,0,2,1,.212,.297,.354,.651
Joshua Fuentes,COL,1B,28,95,271,30,61,11,1,7,33,0,0,12,65,0,1,0,.225,.257,.351,.608
DJ Stewart,BAL,OF,28,100,270,39,55,10,0,12,33,0,0,44,89,0,0,4,.204,.324,.374,.698
Steven Duggar,SF,OF,28,107,268,45,69,14,5,8,35,7,0,27,88,0,0,2,.257,.330,.437,.767
Ryan Jeffers,MIN,C,24,85,267,28,53,10,1,14,35,0,1,22,108,0,0,4,.199,.270,.401,.671
Ha-Seong Kim,SD,SS,26,117,267,27,54,12,2,8,34,6,1,22,71,2,3,4,.202,.270,.352,.622
Kyle Schwarber,WAS,OF,28,72,265,42,67,9,0,25,53,1,1,31,88,0,2,5,.253,.340,.570,.910
Jonah Heim,TEX,C,26,82,265,22,52,13,0,10,32,3,1,15,58,1,3,1,.196,.239,.358,.597
Yadiel Hernandez,WAS,OF,34,112,264,33,72,8,1,9,32,3,0,22,59,0,2,1,.273,.329,.413,.742
Darin Ruf,SF,OF,35,117,262,41,71,13,2,16,43,2,0,46,87,0,1,3,.271,.385,.519,.904
Ramon Urias,BAL,2B,27,85,262,33,73,14,0,7,38,1,2,28,76,0,0,6,.279,.361,.412,.773
Trevor Larnach,MIN,OF,24,79,260,29,58,12,0,7,28,1,0,31,104,0,2,8,.223,.322,.350,.672
Willie Calhoun,TEX,OF,27,75,260,26,65,10,3,6,25,0,2,21,34,0,1,2,.250,.310,.381,.691
Pat Valaika,BAL,2B,29,91,259,17,52,8,0,5,25,1,1,16,76,1,3,2,.201,.250,.290,.540
Jace Peterson,MIL,OF,31,94,259,36,64,11,1,6,31,10,1,38,68,0,2,3,.247,.348,.367,.715
Ji-Man Choi,TB,1B,30,83,258,36,59,14,0,11,45,0,0,45,87,0,0,2,.229,.348,.411,.759
Lorenzo Cain,MIL,OF,35,78,257,40,66,13,0,8,36,13,2,26,48,0,1,2,.257,.329,.401,.730
Joc Pederson,CHC,OF,29,73,256,35,59,11,2,11,39,2,3,22,74,0,4,5,.230,.300,.418,.718
Ryan Zimmerman,WAS,1B,37,110,255,27,62,16,0,14,46,0,0,16,77,0,2,0,.243,.286,.471,.757
Evan Longoria,SF,3B,36,81,253,45,66,17,0,13,46,1,1,35,68,0,2,1,.261,.351,.482,.833
Andy Ibanez,TEX,2B,28,76,253,31,70,15,2,7,25,0,0,15,35,1,1,2,.277,.321,.435,.756
Brett Phillips,TB,OF,27,119,253,50,52,9,4,13,44,14,3,33,113,2,2,2,.206,.300,.427,.727
Francisco Mejia,TB,C,26,84,250,31,65,15,3,6,35,0,0,17,49,1,2,7,.260,.322,.416,.738
Cavan Biggio,TOR,2B,26,79,250,27,56,10,1,7,27,3,1,37,78,1,4,1,.224,.322,.356,.678
Freddy Galvis,BAL,2B,32,72,249,36,62,12,1,9,26,1,0,18,58,2,1,3,.249,.306,.414,.720
Charlie Culberson,TEX,OF,32,91,247,23,60,15,2,5,22,7,1,17,64,4,1,2,.243,.296,.381,.677
Bobby Bradley,CLE,1B,25,74,245,36,51,10,0,16,41,0,0,25,99,0,3,6,.208,.294,.445,.739
Tyrone Taylor,MIL,OF,27,93,243,33,60,9,3,12,43,6,1,20,59,0,1,7,.247,.321,.457,.778
Marwin Gonzalez,BOS,2B,32,77,242,25,49,14,0,2,20,3,2,19,70,1,1,8,.202,.281,.285,.566
Hanser Alberto,KC,2B,29,103,241,25,65,20,3,2,24,3,1,4,26,4,2,4,.270,.291,.402,.693
Yermin Mercedes,CWS,DH,28,68,240,26,65,9,1,7,37,0,1,20,46,0,1,1,.271,.328,.404,.732
Myles Straw,CLE,OF,27,60,239,42,68,16,0,2,14,13,1,29,50,0,0,0,.285,.362,.377,.739
Isan Diaz,MIA,2B,25,89,238,25,46,9,0,4,17,1,1,34,73,1,3,1,.193,.293,.282,.575
Yu Chang,CLE,3B,26,89,237,32,54,14,3,9,39,1,0,11,69,0,1,2,.228,.267,.426,.693
Ryan O'Hearn,KC,1B,28,84,236,23,53,5,1,9,29,0,0,13,71,0,3,2,.225,.268,.369,.637
Brandon Marsh,LAA,OF,24,70,236,27,60,12,3,2,19,6,1,20,91,1,1,2,.254,.317,.356,.673
Luis Garcia,WAS,2B,21,70,236,29,57,18,2,6,22,0,2,11,43,0,0,0,.242,.275,.411,.686
Byron Buxton,MIN,OF,28,61,235,50,72,23,0,19,32,9,1,13,62,0,0,6,.306,.358,.647,1.005
Brock Holt,TEX,3B,33,77,235,21,49,13,1,2,23,5,1,23,49,0,1,1,.209,.281,.298,.579
Brian Goodwin,CWS,OF,31,72,235,33,52,10,1,8,29,1,0,33,58,1,1,1,.221,.319,.374,.693
Starling Marte,OAK,OF,33,56,234,37,74,16,2,5,30,25,2,11,42,0,1,5,.316,.359,.466,.825
Starling Marte,MIA,OF,33,64,233,52,71,11,1,7,25,22,3,32,57,1,1,8,.305,.405,.451,.856
Josh Naylor,CLE,OF,24,69,233,28,59,13,0,7,21,1,0,14,45,0,0,2,.253,.301,.399,.700
Jon Berti,MIA,2B,31,85,233,35,49,10,1,4,19,8,4,32,61,1,2,3,.210,.311,.313,.624
Brian Anderson,MIA,3B,28,67,233,24,58,9,0,7,28,5,0,26,65,0,0,5,.249,.337,.378,.715
Jack Mayfield,LAA,SS,31,75,232,28,52,14,0,10,36,5,0,16,58,3,1,3,.224,.282,.414,.696
Mitch Moreland,OAK,1B,36,81,229,28,52,11,1,10,30,0,0,18,58,0,3,2,.227,.286,.415,.701
Dom Nunez,COL,C,26,81,228,31,43,12,3,10,33,0,0,34,91,0,1,0,.189,.293,.399,.692
Jesus Sanchez,MIA,OF,24,64,227,27,57,8,2,14,36,0,1,20,78,0,1,3,.251,.319,.489,.808
Abraham Toro,SEA,3B,25,60,226,28,57,11,0,5,26,3,2,22,33,0,1,4,.252,.328,.367,.695
Frank Schwindel,CHC,1B,29,56,222,42,76,19,1,13,40,2,1,16,36,0,0,1,.342,.389,.613,1.002
Santiago Espinal,TOR,SS,27,92,222,32,69,13,1,2,17,6,1,22,30,1,0,1,.311,.376,.405,.781
Sergio Alcantara,CHC,SS,25,89,220,30,45,6,3,5,17,3,0,30,74,1,2,2,.205,.303,.327,.630
Erik Gonzalez,PIT,SS,30,71,220,17,51,7,1,2,21,2,2,8,40,0,1,0,.232,.258,.300,.558
Tommy La Stella,SF,2B,32,76,220,26,55,11,1,7,27,0,0,18,26,0,1,1,.250,.308,.405,.713
Wilmer Difo,PIT,SS,29,116,219,25,59,7,3,4,24,1,0,20,54,0,1,0,.269,.329,.384,.713
Kurt Suzuki,LAA,C,38,72,219,17,49,8,0,6,16,0,0,12,44,2,3,11,.224,.294,.342,.636
Yan Gomes,WAS,C,34,63,218,30,59,11,1,9,35,0,0,13,47,0,0,4,.271,.323,.454,.777
Anthony Rendon,LAA,3B,31,58,217,24,52,13,0,6,34,0,0,29,41,0,2,1,.240,.329,.382,.711
Carter Kieboom,WAS,3B,24,62,217,26,45,6,0,6,20,0,0,25,62,0,2,5,.207,.301,.318,.619
Nelson Cruz,TB,DH,41,55,217,35,49,8,0,13,36,0,0,16,63,0,2,2,.226,.283,.442,.725
Alex Kirilloff,MIN,OF,24,59,215,23,54,11,1,8,34,1,1,14,52,0,1,1,.251,.299,.423,.722
Garrett Cooper,MIA,1B,31,71,215,30,61,10,1,9,33,1,1,30,68,0,1,4,.284,.380,.465,.845
Daniel Vogelbach,MIL,1B,29,93,215,30,47,8,0,9,24,0,0,43,57,0,0,0,.219,.349,.381,.730
Oscar Mercado,CLE,OF,27,72,214,27,48,11,1,6,19,7,1,21,42,1,0,2,.224,.300,.369,.669
Chad Pinder,OAK,2B,29,75,214,30,52,16,1,6,27,1,0,16,62,0,1,2,.243,.300,.411,.711
Phillip Evans,PIT,3B,29,76,214,23,44,5,0,5,16,1,0,28,53,0,0,5,.206,.312,.299,.611
Jake Fraley,SEA,OF,26,78,214,27,45,7,0,9,36,10,2,46,71,1,2,2,.210,.352,.369,.721
Sam Hilliard,COL,OF,27,81,214,32,46,7,2,14,34,5,0,23,87,0,0,1,.215,.294,.463,.757
Luke Voit,NYY,1B,30,68,213,26,51,7,1,11,35,0,0,21,74,0,0,7,.239,.328,.437,.765
Eloy Jimenez,CWS,OF,25,55,213,23,53,10,0,10,37,0,0,16,57,0,1,1,.249,.303,.437,.740
Michael Perez,PIT,C,29,70,210,19,30,8,1,7,21,0,1,19,68,0,0,2,.143,.221,.290,.511
Travis d'Arnaud,ATL,C,32,60,209,21,46,14,0,7,26,0,0,17,53,0,1,2,.220,.284,.388,.672
Magneuris Sierra,MIA,OF,25,123,209,27,48,6,1,0,5,11,0,15,50,1,0,0,.230,.281,.268,.549
Victor Reyes,DET,OF,27,76,209,26,54,10,4,5,22,5,1,8,55,2,1,0,.258,.284,.416,.700
Willians Astudillo,MIN,C,30,73,208,17,49,8,0,7,21,0,0,3,12,0,1,4,.236,.259,.375,.634
Taylor Ward,LAA,OF,28,65,208,33,52,15,0,8,33,1,1,20,55,2,1,6,.250,.332,.438,.770
Jorge Soler,ATL,OF,29,55,208,36,56,11,0,14,33,0,0,29,45,0,2,1,.269,.358,.524,.882
Mitch Garver,MIN,C,31,68,207,29,53,15,0,13,34,1,1,31,71,0,2,3,.256,.358,.517,.875
Matt Carpenter,STL,3B,36,130,207,18,35,11,1,3,21,2,0,35,77,0,1,6,.169,.305,.275,.580
Trea Turner,LAD,SS,28,52,207,41,70,17,0,10,28,11,2,15,33,0,2,2,.338,.385,.565,.950
Corey Dickerson,MIA,OF,32,63,205,27,54,12,3,2,14,2,4,16,45,0,1,3,.263,.324,.380,.704
David Dahl,TEX,OF,27,63,205,19,43,11,0,4,18,2,1,10,59,1,3,1,.210,.247,.322,.569
Matt Beaty,LAD,1B,28,120,204,35,55,4,1,7,40,2,2,20,44,0,0,10,.270,.363,.402,.765
Sandy Leon,MIA,C,32,84,202,15,37,5,0,4,14,0,0,12,65,1,2,3,.183,.237,.267,.504
Curt Casali,SF,C,33,77,200,20,42,11,1,5,26,0,0,26,66,1,0,4,.210,.313,.350,.663
Nick Gordon,MIN,SS,26,73,200,19,48,9,1,4,23,10,1,12,55,0,1,3,.240,.292,.355,.647
Austin Barnes,LAD,C,32,77,200,28,43,8,0,6,23,1,0,20,56,1,0,4,.215,.299,.345,.644
Nick Madrigal,CWS,2B,24,54,200,30,61,10,4,2,21,1,2,11,17,0,1,3,.305,.349,.425,.774
Bryan De La Cruz,MIA,OF,25,58,199,17,59,7,2,5,19,1,1,18,53,0,1,1,.296,.356,.427,.783
Adam Duvall,ATL,OF,33,55,199,26,45,7,1,16,45,0,0,14,69,0,0,3,.226,.287,.513,.800
Reese McGuire,TOR,C,26,78,198,22,50,15,0,1,10,0,0,15,44,1,1,2,.253,.310,.343,.653
Eli White,TEX,OF,27,64,198,26,35,6,1,6,15,4,3,18,66,0,0,4,.177,.259,.308,.567
DJ Peters,TEX,OF,26,52,197,24,39,7,1,12,34,2,0,4,68,0,3,2,.198,.218,.426,.644
Zack Collins,CWS,DH,26,78,195,25,41,13,0,4,26,1,1,34,69,1,0,1,.210,.330,.338,.668
Cesar Hernandez,CWS,2B,31,53,194,24,45,4,0,3,15,1,1,21,45,0,1,1,.232,.309,.299,.608
Kyle Higashioka,NYY,C,31,67,193,20,35,10,0,10,29,0,0,17,59,0,1,0,.181,.246,.389,.635
Andrew Stevenson,WAS,OF,27,109,192,22,44,6,0,5,23,1,1,13,61,2,1,5,.229,.294,.339,.633
Adam Frazier,SD,2B,30,57,191,25,51,8,1,1,11,5,1,13,23,3,0,4,.267,.327,.335,.662
Owen Miller,CLE,2B,25,60,191,17,39,8,0,4,18,2,0,9,54,0,1,1,.204,.243,.309,.552
Albert Pujols,LAD,1B,41,85,189,20,48,3,0,12,38,1,0,11,32,0,2,2,.254,.299,.460,.759
Brent Rooker,MIN,OF,27,58,189,25,38,10,0,9,16,0,0,15,70,0,0,9,.201,.291,.397,.688
Adam Eaton,CWS,OF,33,58,189,33,38,8,2,5,28,2,0,20,55,4,0,6,.201,.298,.344,.642
Marcell Ozuna,ATL,OF,31,48,188,21,40,6,0,7,26,0,0,19,46,0,0,1,.213,.288,.356,.644
Joey Gallo,NYY,OF,28,58,188,33,30,7,0,13,22,0,0,37,88,0,1,2,.160,.303,.404,.707
Andres Gimenez,CLE,SS,23,68,188,23,41,10,0,5,16,11,0,11,54,1,3,7,.218,.282,.351,.633
Kris Bryant,SF,3B,30,51,187,28,49,13,0,7,22,6,0,23,46,0,1,1,.262,.344,.444,.788
Josh Harrison,OAK,2B,34,48,185,19,47,10,0,2,22,4,3,6,25,0,2,6,.254,.296,.341,.637
Danny Jansen,TOR,C,26,70,184,32,41,13,0,11,28,0,0,17,44,1,0,3,.223,.299,.473,.772
Mike Moustakas,CIN,2B,33,62,183,21,38,12,0,6,22,0,0,18,46,0,3,2,.208,.282,.372,.654
Clint Frazier,NYY,OF,27,66,183,20,34,9,0,5,15,2,0,32,65,0,0,3,.186,.317,.317,.634
Jake Bauers,SEA,1B,26,72,182,20,40,4,0,2,13,6,0,18,51,0,0,2,.220,.297,.275,.572
Ehire Adrianza,ATL,SS,32,109,182,32,45,9,2,5,28,0,0,21,42,1,3,2,.247,.327,.401,.728
Manny Pina,MIL,C,34,75,180,27,34,6,0,13,33,0,0,22,38,0,1,5,.189,.293,.439,.732
Eduardo Escobar,MIL,3B,33,48,179,27,48,12,2,6,25,0,0,19,39,0,0,1,.268,.342,.458,.800
J.D. Davis,NYM,3B,28,73,179,18,51,12,0,5,23,1,0,24,68,0,2,6,.285,.384,.436,.820
Connor Joe,COL,OF,29,63,179,23,51,9,0,8,35,0,0,26,41,0,3,3,.285,.379,.469,.848
Travis Shaw,MIL,3B,31,56,178,14,34,8,0,6,28,0,0,19,51,1,1,3,.191,.279,.337,.616
Lane Thomas,WAS,OF,26,45,178,33,48,14,2,7,27,4,2,27,46,0,1,0,.270,.364,.489,.853
Mauricio Dubon,SF,2B,27,74,175,20,42,9,0,5,22,2,1,9,41,0,2,1,.240,.278,.377,.655
Aristides Aquino,CIN,OF,27,84,174,25,33,6,1,10,23,2,2,27,75,0,2,1,.190,.299,.408,.707
Leody Taveras,TEX,OF,23,49,174,14,28,6,2,3,9,10,1,9,60,1,0,1,.161,.207,.270,.477
Luis Rengifo,LAA,2B,24,54,174,22,35,1,0,6,18,1,0,9,38,3,2,2,.201,.246,.310,.556
Keston Hiura,MIL,2B,25,61,173,16,29,9,1,4,19,3,0,14,77,2,1,7,.168,.256,.301,.557
Austin Nola,SD,C,32,56,173,15,47,12,0,2,29,0,1,14,19,0,2,5,.272,.340,.376,.716
Stephen Piscotty,OAK,OF,31,72,173,14,38,8,0,5,16,1,0,13,48,0,0,2,.220,.282,.353,.635
Joc Pederson,ATL,OF,29,64,173,20,43,8,1,7,22,0,0,17,43,0,1,3,.249,.325,.428,.753
Anthony Rizzo,NYY,1B,32,49,173,32,43,7,0,8,21,2,0,16,28,0,2,9,.249,.340,.428,.768
Ryan McKenna,BAL,OF,24,90,169,20,31,6,1,2,14,1,0,24,74,2,0,2,.183,.292,.266,.558
Eric Sogard,CHC,2B,35,78,169,16,42,6,1,1,12,3,1,9,30,0,2,0,.249,.283,.314,.597
Jose Rojas,LAA,3B,28,61,168,26,35,14,0,6,15,2,1,15,50,0,0,1,.208,.277,.399,.676
Javier Baez,NYM,SS,29,47,167,32,50,9,0,9,22,5,2,13,53,0,0,6,.299,.371,.515,.886
Kole Calhoun,ARI,OF,34,51,166,17,39,8,0,5,17,1,0,15,41,0,1,0,.235,.297,.373,.670
Nomar Mazara,DET,OF,26,50,165,12,35,5,2,3,19,0,0,15,45,0,1,0,.212,.276,.321,.597
Alejandro Kirk,TOR,C,23,60,165,19,40,8,0,8,24,0,0,19,22,0,2,3,.242,.328,.436,.764
Danny Mendick,CWS,2B,28,71,164,14,36,5,0,2,20,0,1,18,42,1,1,2,.220,.303,.287,.590
Jake Cave,MIN,OF,29,76,164,14,31,6,1,3,13,1,1,10,62,1,0,3,.189,.249,.293,.542
Christian Arroyo,BOS,3B,26,57,164,22,43,12,0,6,25,1,0,8,44,1,0,7,.262,.324,.445,.769
William Contreras,ATL,C,24,52,163,19,35,4,1,8,23,0,0,19,54,0,1,2,.215,.303,.399,.702
Shogo Akiyama,CIN,OF,33,88,162,16,33,8,0,0,12,2,3,14,40,1,1,4,.204,.282,.253,.535
Andrew Knizner,STL,C,26,63,161,18,28,7,0,1,9,0,0,20,39,0,0,4,.174,.281,.236,.517
Gavin Sheets,CWS,OF,25,54,160,23,40,8,0,11,34,0,0,16,40,0,1,2,.250,.324,.506,.830
Rowdy Tellez,MIL,1B,26,56,158,22,43,10,1,7,28,0,0,14,32,0,1,1,.272,.333,.481,.814
Zach McKinstry,LAD,2B,26,60,158,19,34,9,0,7,29,1,1,10,50,1,2,1,.215,.263,.405,.668
Kevin Plawecki,BOS,C,30,64,157,15,45,7,0,3,15,0,0,12,26,1,0,3,.287,.349,.389,.738
Taylor Trammell,SEA,OF,24,51,156,23,25,7,0,8,18,2,3,17,75,2,0,3,.160,.256,.359,.615
Zack Short,DET,SS,26,61,156,21,22,4,0,6,20,2,0,22,59,0,6,0,.141,.239,.282,.521
Miguel Andujar,NYY,OF,26,45,154,19,39,2,0,6,12,0,1,7,28,0,1,0,.253,.284,.383,.667
Tomas Nido,NYM,C,27,58,153,16,34,5,1,3,13,1,0,5,44,0,0,3,.222,.261,.327,.588
Taylor Walls,TB,SS,25,54,152,15,32,10,0,1,15,4,2,23,49,1,0,0,.211,.314,.296,.610
Mike Tauchman,SF,OF,31,64,152,21,27,4,0,4,15,1,3,22,52,0,0,1,.178,.286,.283,.569
Josh Reddick,ARI,OF,34,54,151,15,39,11,0,2,21,0,0,6,31,0,1,0,.258,.285,.371,.656
Mike Brosseau,TB,2B,27,57,150,21,28,9,0,5,18,2,0,15,53,0,2,2,.187,.266,.347,.613
Nico Hoerner,CHC,2B,24,44,149,13,45,10,0,0,16,5,3,17,25,0,1,3,.302,.382,.369,.751
Jason Castro,HOU,C,34,66,149,22,35,7,0,8,21,0,0,25,54,2,0,3,.235,.356,.443,.799
Abraham Almonte,ATL,OF,32,64,148,20,32,12,0,5,19,1,1,26,38,0,1,0,.216,.331,.399,.730
Jake Meyers,HOU,OF,25,49,146,22,38,8,0,6,28,3,0,10,50,2,1,4,.260,.323,.438,.761
Andrew Knapp,PHI,C,30,62,145,13,22,3,0,2,11,0,0,10,61,1,1,2,.152,.215,.214,.429
Jason Martin,TEX,OF,26,58,144,14,30,3,0,6,17,3,1,8,41,1,1,0,.208,.248,.354,.602
Yonny Hernandez,TEX,2B,23,43,143,15,31,5,0,0,6,11,2,17,32,1,1,4,.217,.315,.252,.567
Jose Peraza,NYM,2B,27,64,142,21,29,7,0,6,20,1,0,9,26,0,0,3,.204,.266,.380,.646
Roberto Perez,CLE,C,33,44,141,13,21,3,0,7,17,1,0,17,56,2,0,1,.149,.245,.319,.564
Derek Hill,DET,OF,26,49,139,19,36,3,3,3,14,6,3,10,42,0,0,1,.259,.313,.388,.701
Rowdy Tellez,TOR,1B,26,50,139,12,29,4,1,4,8,0,0,9,33,0,0,3,.209,.272,.338,.610
Rob Refsnyder,MIN,OF,30,51,139,21,34,7,0,2,12,1,0,17,40,0,1,0,.245,.325,.338,.663
Cal Raleigh,SEA,C,25,47,139,6,25,12,0,2,13,0,0,7,52,0,1,1,.180,.223,.309,.532
Kelvin Gutierrez,BAL,3B,27,47,137,14,34,4,1,2,12,0,0,13,45,0,0,3,.248,.327,.336,.663
Kelvin Gutierrez,KC,3B,27,38,135,9,29,4,2,1,8,0,1,6,31,0,0,1,.215,.254,.296,.550
Kyle Schwarber,BOS,OF,28,41,134,34,39,10,0,7,18,0,0,33,39,0,0,1,.291,.435,.522,.957
Anthony Alford,PIT,OF,27,49,133,14,31,6,1,5,11,5,6,12,58,0,0,3,.233,.311,.406,.717
Stephen Vogt,ARI,C,37,52,132,17,28,6,1,5,17,0,0,18,36,1,0,0,.212,.307,.386,.693
Willy Adames,TB,SS,26,41,132,16,26,6,1,5,15,1,2,10,51,0,0,0,.197,.254,.371,.625
Luis Guillorme,NYM,2B,27,69,132,13,35,3,0,1,5,0,2,23,23,1,0,0,.265,.374,.311,.685
Yan Gomes,OAK,C,34,40,131,19,29,4,0,5,17,0,0,6,31,0,1,2,.221,.264,.366,.630
Corey Dickerson,TOR,OF,32,46,131,16,37,6,2,4,15,4,1,9,23,0,0,0,.282,.329,.450,.779
Travis Jankowski,PHI,OF,30,76,131,24,33,6,2,1,10,5,0,22,29,2,0,1,.252,.364,.351,.715
Jo Adell,LAA,OF,22,35,130,17,32,5,2,4,26,2,1,8,32,1,0,1,.246,.295,.408,.703
Kyle Lewis,SEA,OF,26,36,130,15,32,4,0,5,11,2,0,16,37,0,0,1,.246,.333,.392,.725
Austin Wynns,BAL,C,31,45,130,14,24,4,0,4,14,1,0,8,31,1,0,0,.185,.232,.308,.540
Jake Marisnick,CHC,OF,30,65,128,17,29,6,3,5,22,3,1,9,43,1,2,4,.227,.294,.438,.732
Billy Hamilton,CWS,OF,31,71,127,23,28,8,3,2,11,9,0,4,47,3,1,0,.220,.242,.378,.620
Tyler Wade,NYY,2B,27,103,127,31,34,5,1,0,5,17,6,16,37,0,0,1,.268,.354,.323,.677
Hoy Park,PIT,SS,25,44,127,16,25,5,2,3,14,1,1,18,38,1,1,1,.197,.299,.339,.638
Franchy Cordero,BOS,OF,27,48,127,12,24,6,0,1,9,1,1,8,51,1,0,0,.189,.237,.260,.497
Yoshi Tsutsugo,PIT,3B,30,43,127,20,34,8,1,8,25,0,1,15,33,0,1,1,.268,.347,.535,.882
Adalberto Mondesi,KC,SS,26,35,126,19,29,8,1,6,17,15,1,6,43,3,0,1,.230,.271,.452,.723
Max Schrock,CIN,2B,27,53,125,19,36,7,2,3,14,1,1,8,24,0,1,0,.288,.328,.448,.776
Adam Engel,CWS,OF,30,39,123,21,31,9,0,7,18,7,1,11,31,0,1,5,.252,.336,.496,.832
Lewin Diaz,MIA,1B,25,40,122,16,25,4,1,8,13,0,0,6,33,0,0,0,.205,.242,.451,.693
Joe Panik,MIA,2B,31,53,122,8,21,3,0,1,7,2,0,9,20,1,0,2,.172,.241,.221,.462
Jarrod Dyson,KC,OF,37,77,122,13,27,7,2,0,10,8,3,6,28,3,1,0,.221,.256,.311,.567
Thairo Estrada,SF,2B,25,52,121,19,33,4,0,7,22,1,0,9,23,0,0,2,.273,.333,.479,.812
Ernie Clement,CLE,SS,25,40,121,16,28,4,0,3,9,0,1,7,19,3,0,2,.231,.285,.339,.624
Wilson Ramos,DET,C,34,35,120,12,24,5,0,6,13,0,0,6,29,0,0,0,.200,.238,.392,.630
Justin Williams,STL,OF,26,51,119,10,19,0,0,4,11,0,1,17,46,0,0,1,.160,.270,.261,.531
Jordy Mercer,WAS,SS,35,46,118,13,30,7,0,2,9,0,0,9,34,0,0,0,.254,.307,.364,.671
Tim Locastro,ARI,OF,29,55,118,11,21,2,0,1,5,5,3,6,26,0,0,9,.178,.271,.220,.491
Nick Maton,PHI,SS,24,52,117,16,30,7,1,2,14,2,0,10,39,1,1,2,.256,.323,.385,.708
Mike Trout,LAA,OF,30,36,117,23,39,8,1,8,18,2,0,27,41,0,0,2,.333,.466,.624,1.090
Cole Tucker,PIT,OF,25,43,117,15,26,4,2,2,12,2,2,13,33,0,1,0,.222,.298,.342,.640
Danny Santana,BOS,1B,31,38,116,15,21,2,1,5,14,4,2,10,30,0,0,1,.181,.252,.345,.597
Joe Panik,TOR,2B,31,42,114,9,28,6,0,2,11,0,0,8,14,0,1,0,.246,.293,.351,.644
Jake Lamb,CWS,3B,31,43,113,20,24,2,0,6,13,0,0,17,38,0,0,1,.212,.321,.389,.710
Jake Rogers,DET,C,26,38,113,17,27,5,3,6,17,1,0,11,46,3,0,0,.239,.306,.496,.802
Cam Gallagher,KC,C,29,48,112,9,28,6,0,1,7,0,0,8,20,2,1,0,.250,.298,.330,.628
Nick Senzel,CIN,OF,26,36,111,18,28,4,0,1,8,2,5,12,16,0,1,0,.252,.323,.315,.638
Shed Long,SEA,2B,26,34,111,13,22,4,1,4,17,1,0,9,39,1,0,0,.198,.258,.360,.618
John Nogowski,PIT,1B,29,33,111,12,29,7,0,1,14,0,1,11,20,0,1,0,.261,.325,.351,.676
Lars Nootbaar,STL,OF,24,58,109,15,26,3,1,5,15,2,1,13,28,1,1,0,.239,.317,.422,.739
Abraham Toro,HOU,3B,25,35,109,17,23,1,0,6,20,3,1,9,21,0,1,3,.211,.287,.385,.672
Alex Jackson,MIA,C,26,42,108,11,17,4,0,3,12,0,0,11,60,0,0,4,.157,.260,.278,.538
Aaron Hicks,NYY,OF,32,32,108,13,21,3,0,4,14,0,0,14,30,0,2,2,.194,.294,.333,.627
Freddy Galvis,PHI,2B,32,32,107,17,24,3,0,5,14,0,0,9,19,0,2,2,.224,.292,.393,.685
Jorge Mateo,BAL,OF,26,32,107,9,30,7,1,2,8,5,3,7,28,0,1,1,.280,.328,.421,.749
Jarren Duran,BOS,OF,25,33,107,17,23,3,2,2,10,2,1,4,40,0,1,0,.215,.241,.336,.577
Robel Garcia,HOU,2B,28,47,106,8,16,3,0,1,8,0,0,8,42,1,1,1,.151,.216,.208,.424
Jose Marmolejos,SEA,OF,29,41,106,11,17,4,0,4,12,0,0,15,39,0,1,0,.160,.262,.311,.573
Daz Cameron,DET,OF,25,35,103,16,20,5,0,4,13,6,0,10,38,0,0,2,.194,.278,.359,.637
Taylor Jones,HOU,1B,28,35,102,11,25,8,1,2,16,0,0,4,29,0,2,0,.245,.269,.402,.671
Edward Olivares,KC,OF,25,39,101,14,24,2,0,5,12,2,2,5,19,1,1,3,.238,.291,.406,.697
JaCoby Jones,DET,OF,29,36,100,9,17,2,0,2,9,2,2,5,42,0,0,0,.170,.210,.250,.460
Jake Bauers,CLE,1B,26,43,100,7,19,3,0,2,6,0,1,12,27,0,0,0,.190,.277,.280,.557
Kyle Garlick,MIN,OF,29,36,99,17,23,8,0,5,10,1,0,6,32,0,1,1,.232,.280,.465,.745
Richie Martin,BAL,SS,27,37,98,9,23,2,0,1,8,0,2,4,28,1,1,1,.235,.269,.286,.555
Luke Williams,PHI,3B,25,58,98,8,24,4,0,1,6,2,2,10,23,0,0,0,.245,.315,.316,.631
Jordan Luplow,CLE,OF,28,36,98,12,17,5,0,7,20,0,2,21,31,0,0,2,.173,.331,.439,.770
Evan White,SEA,1B,25,30,97,8,14,3,0,2,9,0,0,6,31,0,0,1,.144,.202,.237,.439
Robinson Chirinos,CHC,C,37,45,97,13,22,5,1,5,15,0,0,9,36,1,0,5,.227,.324,.454,.778
Gerardo Parra,WAS,OF,34,53,97,13,23,5,0,2,10,1,1,6,30,1,1,2,.237,.292,.351,.643
Eddie Rosario,ATL,OF,30,33,96,13,26,4,2,7,16,2,1,9,14,0,1,0,.271,.330,.573,.903
Seby Zavala,CWS,C,28,37,93,15,17,3,0,5,15,0,0,6,41,4,0,1,.183,.240,.376,.616
Ka'ai Tom,PIT,OF,27,39,92,9,14,2,1,2,11,1,0,17,30,0,3,5,.152,.308,.261,.569
Billy McKinney,MIL,OF,27,40,92,9,19,3,1,3,6,1,0,7,24,0,1,0,.207,.260,.359,.619
Billy McKinney,NYM,OF,27,39,91,15,20,6,1,5,14,1,0,11,31,0,0,0,.220,.304,.473,.777
Kevan Smith,ATL,C,33,30,91,6,15,3,0,0,3,0,0,10,29,0,0,0,.165,.248,.198,.446
Tres Barrera,WAS,C,27,30,91,8,24,3,1,2,10,0,0,12,22,0,0,4,.264,.374,.385,.759
Andrew Young,ARI,2B,27,58,91,13,19,7,0,6,15,0,0,6,45,0,1,6,.209,.298,.484,.782
Emmanuel Rivera,KC,3B,25,29,90,13,23,4,0,1,5,2,0,8,21,0,0,0,.256,.316,.333,.649
Rio Ruiz,BAL,3B,27,32,90,10,15,3,0,3,6,2,0,9,29,1,0,1,.167,.250,.300,.550
Ben Rortvedt,MIN,C,24,39,89,8,15,1,0,3,7,0,0,6,29,2,0,1,.169,.229,.281,.510
Alex Avila,WAS,C,34,34,89,5,17,9,1,1,9,0,0,19,37,1,0,2,.191,.345,.348,.693
Aramis Garcia,OAK,C,29,32,88,8,18,1,0,3,7,0,0,1,28,2,0,3,.205,.239,.318,.557
Jorge Mateo,SD,OF,26,57,87,10,18,4,0,2,6,5,0,2,27,1,0,3,.207,.250,.322,.572
Breyvic Valera,TOR,2B,30,39,87,10,22,6,0,1,15,1,0,8,12,1,1,0,.253,.313,.356,.669
Sam Haggerty,SEA,OF,27,35,86,15,16,3,0,2,5,5,1,6,28,1,0,1,.186,.247,.291,.538
Albert Pujols,LAA,1B,41,24,86,9,17,0,0,5,12,1,0,3,13,0,0,3,.198,.250,.372,.622
Rodolfo Castro,PIT,2B,22,31,86,9,17,2,0,5,8,0,0,6,27,0,0,1,.198,.258,.395,.653
Brandon Drury,NYM,3B,29,51,84,7,23,5,0,4,14,0,0,3,22,0,0,1,.274,.307,.476,.783
Billy McKinney,LAD,OF,27,37,82,8,12,2,1,1,7,0,0,14,24,0,1,1,.146,.276,.232,.508
Keibert Ruiz,WAS,C,23,23,81,9,23,3,0,2,14,0,0,6,4,0,0,2,.284,.348,.395,.743
Jose Rondon,STL,2B,27,63,80,13,21,3,0,3,9,2,0,8,17,0,2,0,.263,.322,.413,.735
Ender Inciarte,ATL,OF,31,52,79,11,17,2,0,2,10,1,0,7,22,2,1,0,.215,.276,.316,.592
Patrick Mazeika,NYM,C,28,37,79,6,15,3,0,1,6,0,0,4,18,0,1,3,.190,.253,.266,.519
Michael Chavis,BOS,2B,26,31,79,12,15,4,1,2,6,1,1,1,32,0,1,1,.190,.207,.342,.549
Yoshi Tsutsugo,TB,3B,30,26,78,5,13,4,0,0,5,0,0,8,27,1,0,0,.167,.244,.218,.462
Stephen Vogt,ATL,C,37,26,78,7,13,0,0,2,8,0,0,8,20,0,1,0,.167,.241,.244,.485
Pablo Reyes,MIL,OF,28,53,78,12,20,5,0,1,3,4,0,9,15,0,0,0,.256,.333,.359,.692
Daniel Johnson,CLE,OF,26,30,77,9,17,0,0,4,5,1,0,4,27,0,0,0,.221,.259,.377,.636
Kyle Isbel,KC,OF,24,28,76,16,21,5,2,1,7,2,0,7,23,0,0,0,.276,.337,.434,.771
Yohel Pozo,TEX,C,24,21,74,8,21,4,0,1,9,0,0,3,10,0,0,0,.284,.312,.378,.690
Pablo Sandoval,ATL,1B,35,69,73,11,13,0,0,4,11,0,0,11,25,0,0,2,.178,.302,.342,.644
Jason Vosler,SF,3B,28,41,73,12,13,4,0,3,9,2,0,7,21,0,1,1,.178,.256,.356,.612
Daniel Robertson,MIL,2B,27,50,73,10,12,2,0,2,4,0,0,12,28,1,1,3,.164,.303,.274,.577
Isaac Paredes,DET,3B,22,23,72,7,15,3,1,1,5,0,0,10,11,0,2,1,.208,.306,.319,.625
Grayson Greiner,DET,C,29,31,72,7,17,4,0,1,7,0,0,9,31,1,0,0,.236,.321,.333,.654
Stevie Wilkerson,BAL,OF,30,31,72,5,12,3,0,0,2,2,0,3,30,0,0,1,.167,.211,.208,.419
Matt Vierling,PHI,OF,25,34,71,11,23,3,1,2,6,2,0,4,20,0,1,1,.324,.364,.479,.843
Riley Adams,WAS,C,25,35,71,11,19,6,1,2,10,0,0,13,28,0,0,6,.268,.422,.465,.887
Alex Blandino,CIN,2B,29,43,70,9,14,4,0,0,5,1,0,8,28,0,0,4,.200,.317,.257,.574
Orlando Arcia,ATL,SS,27,32,70,9,15,3,0,2,13,1,0,7,16,0,1,0,.214,.282,.343,.625
Jonathan Davis,TOR,OF,29,52,70,16,10,1,0,1,4,4,1,11,21,0,1,3,.143,.282,.200,.482
Drew Ellis,ARI,3B,26,28,69,10,9,2,0,1,5,0,0,10,27,0,0,4,.130,.277,.203,.480
Webster Rivas,SD,C,31,24,68,8,15,2,0,2,4,0,0,8,16,1,0,0,.221,.303,.338,.641
Andrew Velazquez,NYY,SS,27,28,67,11,15,4,1,1,6,4,1,1,23,0,0,0,.224,.235,.358,.593
Jahmai Jones,BAL,2B,24,26,67,5,10,3,0,0,3,1,0,4,26,0,0,1,.149,.208,.194,.402
Luke Raley,LAD,OF,27,33,66,5,12,1,0,2,4,0,0,2,25,0,0,4,.182,.250,.288,.538
Jonathan Arauz,BOS,2B,23,28,65,9,12,3,0,3,8,0,0,8,15,2,0,0,.185,.274,.369,.643
Jordan Luplow,TB,OF,28,26,65,11,16,3,0,4,8,1,0,7,26,0,0,0,.246,.319,.477,.796
Sheldon Neuse,LAD,2B,27,33,65,6,11,1,0,3,4,1,1,1,26,0,0,0,.169,.182,.323,.505
Domingo Leyba,BAL,2B,26,21,65,6,10,1,0,1,4,0,0,6,16,0,0,1,.154,.236,.215,.451
Chance Sisco,BAL,C,26,23,65,4,10,2,0,0,3,0,0,6,18,0,0,2,.154,.247,.185,.432
Adam Eaton,LAA,OF,33,26,65,5,13,2,0,1,2,1,0,2,16,0,1,1,.200,.232,.277,.509
Eddy Alvarez,MIA,2B,31,24,64,8,12,4,1,1,6,1,0,4,18,0,0,6,.188,.297,.328,.625
Cristian Pache,ATL,OF,23,22,63,6,7,3,0,1,4,0,0,2,25,2,0,1,.111,.152,.206,.358
Donovan Walton,SEA,SS,27,24,63,6,13,2,1,2,7,1,0,4,15,2,0,0,.206,.254,.365,.619
Dustin Garneau,DET,C,34,20,62,9,13,5,0,6,11,0,0,3,18,0,2,1,.210,.250,.581,.831
Will Craig,PIT,1B,27,18,60,5,13,2,0,1,3,0,0,5,22,0,0,0,.217,.277,.300,.577
Mike Ford,NYY,1B,29,22,60,6,8,0,0,3,5,0,0,11,23,0,0,1,.133,.278,.283,.561
Austin Romine,CHC,C,33,28,60,5,13,2,0,1,5,0,0,2,22,0,0,0,.217,.242,.300,.542
Kean Wong,LAA,2B,26,32,60,3,10,2,1,0,6,0,1,2,17,4,0,0,.167,.194,.233,.427
Chad Wallach,MIA,C,30,23,60,2,12,2,1,0,6,0,0,3,32,0,2,1,.200,.242,.267,.509
Andrew Romine,CHC,SS,36,26,60,7,11,2,0,1,5,0,1,4,24,0,0,0,.183,.234,.267,.501
Jake McCarthy,ARI,OF,24,24,59,11,13,3,0,2,4,3,2,8,23,1,0,2,.220,.333,.373,.706
Jose Iglesias,BOS,SS,32,23,59,8,21,4,1,1,7,0,0,3,9,0,0,2,.356,.406,.508,.914
Mike Freeman,CIN,2B,34,37,59,6,11,0,0,0,3,1,1,5,20,0,0,1,.186,.262,.186,.448
Gilberto Celestino,MIN,OF,22,23,59,7,8,3,0,2,3,0,0,3,14,0,0,0,.136,.177,.288,.465
Skye Bolt,OAK,OF,28,32,56,5,5,1,0,1,4,2,0,1,14,2,0,0,.089,.105,.161,.266
Matt Joyce,PHI,OF,37,43,55,6,5,1,0,2,7,0,0,12,16,0,1,1,.091,.261,.218,.479
Rene Rivera,CLE,C,38,21,55,6,13,3,0,2,9,0,0,4,24,3,0,1,.236,.300,.400,.700
Renato Nunez,DET,1B,27,14,53,7,10,3,0,4,7,0,0,1,16,0,0,1,.189,.218,.472,.690
Albert Almora,NYM,OF,27,47,52,3,6,3,0,0,0,0,0,2,17,0,0,0,.115,.148,.173,.321
Roman Quinn,PHI,OF,28,28,52,8,9,2,2,0,2,4,3,6,19,0,0,4,.173,.306,.288,.594
Rafael Marchan,PHI,C,22,20,52,7,12,1,1,1,4,0,0,4,10,0,0,0,.231,.286,.346,.632
Edwin Rios,LAD,3B,27,25,51,4,4,0,0,1,1,0,0,7,18,0,0,2,.078,.217,.137,.354
Khris Davis,OAK,DH,34,20,51,3,13,4,0,1,5,0,0,2,15,0,0,0,.255,.283,.392,.675
Khris Davis,TEX,DH,34,22,51,8,8,1,1,2,5,0,0,8,16,0,2,0,.157,.262,.333,.595
Brian O'Grady,SD,OF,29,32,51,8,8,3,0,2,9,0,0,8,17,1,1,0,.157,.267,.333,.600
Henry Ramos,ARI,OF,29,18,50,5,10,2,0,1,8,0,0,4,12,0,1,0,.200,.255,.300,.555
Jose Barrero,CIN,SS,23,21,50,4,10,4,1,0,3,1,0,3,17,0,0,3,.200,.286,.320,.606
Jake Marisnick,SD,OF,30,34,48,4,9,1,0,0,2,1,0,2,22,1,0,3,.188,.264,.208,.472
Lane Thomas,STL,OF,26,32,48,2,5,1,0,0,1,2,1,10,17,0,0,0,.104,.259,.125,.384
Delino DeShields,CIN,OF,29,25,47,4,12,5,0,1,6,2,1,9,11,2,0,0,.255,.375,.426,.801
Jose Siri,HOU,OF,26,21,46,10,14,0,1,4,9,3,1,1,17,0,0,2,.304,.347,.609,.956
Alan Trejo,COL,SS,25,28,46,7,10,2,0,1,3,0,0,3,15,0,1,0,.217,.260,.326,.586
Curtis Terry,TEX,1B,25,13,45,3,4,2,0,0,1,0,0,2,15,0,0,1,.089,.146,.133,.279
Alfonso Rivas,CHC,1B,25,18,44,7,14,1,0,1,3,0,0,4,16,0,0,1,.318,.388,.409,.797
Tucupita Marcano,SD,2B,22,25,44,7,8,1,0,0,3,0,1,6,9,0,0,0,.182,.280,.205,.485
Ildemaro Vargas,ARI,2B,30,18,43,4,8,1,1,0,4,0,0,3,7,0,0,0,.186,.239,.256,.495
Chris Owings,COL,2B,30,21,43,9,14,4,3,1,5,2,1,7,15,0,0,0,.326,.420,.628,1.048
Travis Shaw,BOS,3B,31,28,42,6,10,3,0,3,11,0,0,5,17,1,0,0,.238,.319,.524,.843
Wyatt Mathisen,ARI,3B,28,23,42,3,5,0,0,1,8,0,0,5,21,0,1,3,.119,.255,.190,.445
Michael Chavis,PIT,2B,26,12,42,4,15,3,0,1,5,0,1,0,10,0,0,0,.357,.357,.500,.857
Dustin Fowler,PIT,OF,27,18,41,3,7,1,0,0,2,1,0,3,20,0,1,1,.171,.239,.195,.434
Jose Devers,MIA,SS,22,21,41,7,10,3,0,0,5,0,0,3,11,0,1,1,.244,.304,.317,.621
Sebastian Rivero,KC,C,23,17,40,1,7,2,0,0,3,0,0,3,15,0,0,1,.175,.250,.225,.475
Jared Oliva,PIT,OF,26,20,40,4,7,2,0,0,2,2,0,3,10,0,0,0,.175,.233,.225,.458
Jake Burger,CWS,3B,25,15,38,5,10,3,1,1,3,0,0,4,15,0,0,0,.263,.333,.474,.807
Greg Allen,NYY,OF,28,15,37,9,10,4,1,0,2,5,0,5,13,0,1,5,.270,.417,.432,.849
Colton Welker,COL,1B,24,19,37,7,7,1,0,0,2,0,0,3,11,0,0,0,.189,.250,.216,.466
Nick Martini,CHC,OF,31,25,37,4,10,1,0,0,4,0,1,6,10,0,2,0,.270,.356,.297,.653
Jose Godoy,SEA,C,27,16,37,2,6,1,0,0,3,0,0,3,14,0,0,0,.162,.225,.189,.414
Chris Gittens,NYY,1B,27,16,36,1,4,0,0,1,5,0,0,7,13,0,1,0,.111,.250,.194,.444
Michael Hermosillo,CHC,OF,26,16,36,5,7,2,0,3,7,0,0,1,12,0,0,1,.194,.237,.500,.737
Matt Adams,COL,DH,33,22,36,3,6,1,0,0,2,0,0,4,9,0,0,0,.167,.250,.194,.444
Todd Frazier,PIT,3B,35,13,35,3,3,1,0,0,4,0,0,3,6,0,0,2,.086,.200,.114,.314
Rio Ruiz,COL,3B,27,30,35,1,6,1,0,0,4,0,0,3,9,0,2,0,.171,.225,.200,.425
Adrian Sanchez,WAS,3B,31,16,35,5,9,2,0,0,1,0,0,3,4,0,0,0,.257,.316,.314,.630
Josh Palacios,TOR,OF,26,13,35,7,7,0,0,0,4,0,0,3,11,1,1,2,.200,.293,.200,.493
Nick Heath,ARI,OF,28,20,35,3,5,1,0,0,1,0,2,4,15,0,0,0,.143,.231,.171,.402
Jack Mayfield,SEA,SS,31,12,34,2,6,1,0,0,3,0,0,1,10,0,0,0,.176,.200,.206,.406
Jay Bruce,NYY,OF,34,10,34,3,4,1,0,1,3,0,0,5,13,0,0,0,.118,.231,.235,.466
Garrett Stubbs,HOU,C,28,18,34,2,6,2,0,0,3,0,0,2,7,2,0,0,.176,.222,.235,.457
Luis Campusano,SD,C,23,11,34,0,3,0,0,0,1,0,0,4,11,0,0,0,.088,.184,.088,.272
Marwin Gonzalez,HOU,2B,32,14,34,5,6,0,0,3,8,0,0,1,8,0,0,1,.176,.222,.441,.663
Scott Schebler,LAA,OF,31,14,34,3,5,3,0,0,0,0,0,0,17,0,0,0,.147,.147,.235,.382
Steven Souza,LAD,OF,32,17,33,2,5,1,1,1,3,0,0,2,14,0,0,1,.152,.222,.333,.555
Mason Williams,NYM,OF,30,17,33,3,7,1,0,1,1,0,1,4,9,0,0,0,.212,.297,.333,.630
Mickey Moniak,PHI,OF,23,21,33,3,3,0,0,1,3,0,0,3,16,1,0,0,.091,.167,.182,.349
Kevin Smith,TOR,SS,25,18,32,2,3,0,0,1,1,0,0,3,11,0,0,1,.094,.194,.188,.382
Drew Butera,LAA,C,38,12,32,1,3,1,0,0,5,0,0,0,16,3,1,0,.094,.091,.125,.216
Vimael Machin,OAK,3B,28,15,32,1,4,0,0,0,1,0,0,3,10,2,0,0,.125,.200,.125,.325
Romy Gonzalez,CWS,SS,25,10,32,4,8,3,0,0,2,0,0,1,11,0,0,0,.250,.273,.344,.617
Nick Fortes,MIA,C,25,14,31,6,9,0,0,4,7,1,0,3,8,0,0,0,.290,.353,.677,1.030
Geraldo Perdomo,ARI,SS,22,11,31,5,8,3,1,0,1,0,0,6,6,0,0,0,.258,.378,.419,.797
Johneshwy Fargas,CHC,OF,27,15,31,3,7,0,1,0,2,1,2,1,8,0,0,0,.226,.250,.290,.540
Wilson Ramos,CLE,C,34,9,31,3,7,0,0,2,7,0,0,3,7,0,1,0,.226,.286,.419,.705
TJ Friedl,CIN,OF,26,14,31,9,9,1,0,1,2,0,0,4,2,0,1,0,.290,.361,.419,.780
Bryan Holaday,ARI,C,34,13,31,2,6,2,0,0,1,0,0,1,15,0,0,2,.194,.265,.258,.523
John Hicks,TEX,C,32,10,31,6,8,1,0,4,7,0,0,0,8,0,0,0,.258,.258,.677,.935
Jake Lamb,TOR,3B,31,12,31,5,4,2,0,1,6,0,0,5,13,0,2,1,.129,.256,.290,.546
Greg Deichmann,CHC,OF,26,14,30,0,4,0,0,0,1,0,0,1,14,0,0,0,.133,.161,.133,.294
Scott Heineman,CIN,OF,29,19,30,5,3,0,0,2,3,0,0,3,15,0,0,1,.100,.206,.300,.506
Luke Maile,MIL,C,30,15,30,6,9,4,0,0,3,0,0,3,7,0,0,1,.300,.382,.433,.815
Austin Dean,STL,OF,28,22,30,5,7,2,0,1,7,0,0,6,11,0,2,0,.233,.342,.400,.742
Riley Adams,TOR,C,25,12,28,2,3,2,0,0,0,0,0,2,12,0,0,0,.107,.167,.179,.346
Ryan Lavarnway,CLE,C,34,9,28,2,7,3,0,0,0,0,0,1,10,1,0,0,.250,.276,.357,.633
Trayce Thompson,CHC,OF,30,15,28,6,7,1,0,4,9,2,0,7,11,0,0,0,.250,.400,.714,1.114
Cameron Maybin,NYM,OF,34,9,28,2,1,0,0,0,0,1,0,3,12,0,0,2,.036,.182,.036,.218
Anthony Bemboom,LAA,C,31,8,27,2,6,0,0,0,2,0,0,1,10,0,0,0,.222,.250,.222,.472
Asdrubal Cabrera,CIN,3B,36,20,26,0,2,0,0,0,2,0,0,3,7,0,1,1,.077,.194,.077,.271
Vidal Brujan,TB,2B,23,10,26,3,2,0,0,0,2,1,0,0,8,0,0,0,.077,.077,.077,.154
DJ Peters,LAD,OF,26,18,26,5,5,2,0,1,4,0,0,8,14,0,0,0,.192,.382,.385,.767
Jacob Nottingham,SEA,C,26,10,26,3,3,0,0,1,2,0,0,2,12,0,1,2,.115,.226,.231,.457
Yoshi Tsutsugo,LAD,3B,30,12,25,2,3,0,0,0,2,0,0,6,12,0,0,0,.120,.290,.120,.410
Tony Wolters,CHC,C,29,14,24,3,3,0,0,0,0,0,1,5,12,1,0,0,.125,.276,.125,.401
Alex Jackson,ATL,C,26,10,23,2,1,0,0,0,0,0,0,2,13,0,0,3,.043,.214,.043,.257
Travis Blankenhorn,NYM,3B,25,23,23,3,4,2,0,1,4,0,0,1,8,0,0,0,.174,.208,.391,.599
P.J. Higgins,CHC,C,28,9,23,1,1,0,0,0,0,0,0,2,8,0,0,0,.043,.120,.043,.163
Alejo Lopez,CIN,2B,25,14,23,3,6,0,0,0,0,0,0,0,5,0,0,0,.261,.261,.261,.522
Mark Payton,CIN,OF,30,24,22,2,4,0,0,0,0,0,0,2,7,0,0,0,.182,.250,.182,.432
Domingo Leyba,ARI,2B,26,13,22,0,0,0,0,0,0,0,0,2,7,0,0,0,.000,.083,.000,.083
Ryan LaMarre,NYY,OF,33,9,21,3,4,0,0,2,4,1,0,2,6,0,0,1,.190,.292,.476,.768
Adam Haseley,PHI,OF,25,9,21,2,4,1,0,0,0,0,0,0,4,0,0,0,.190,.190,.238,.428
Ildemaro Vargas,CHC,2B,30,9,21,3,3,2,0,0,2,1,0,3,7,0,0,0,.143,.250,.238,.488
Johneshwy Fargas,NYM,OF,27,7,21,1,6,3,1,0,3,0,0,0,7,1,0,0,.286,.286,.524,.810
Tim Locastro,NYY,OF,29,9,21,4,4,2,0,1,2,0,0,1,7,0,1,0,.190,.217,.429,.646
Frank Schwindel,OAK,1B,29,8,20,2,3,1,0,1,3,0,0,0,5,0,0,0,.150,.150,.350,.500
Dexter Fowler,LAA,OF,35,7,20,3,5,0,0,0,1,1,0,1,6,0,0,0,.250,.286,.250,.536
Estevan Florial,NYY,OF,24,11,20,3,6,2,0,1,2,1,0,5,6,0,0,0,.300,.440,.550,.990
Taylor Motter,COL,SS,32,13,20,2,3,0,0,0,0,0,0,2,6,0,0,0,.150,.227,.150,.377
Rob Brantly,NYY,C,32,6,20,0,3,1,0,0,0,0,0,0,4,0,0,1,.150,.190,.200,.390
Hernan Perez,WAS,2B,30,10,19,1,1,0,0,0,0,0,0,2,10,0,0,0,.053,.143,.053,.196
Scott Kingery,PHI,2B,27,15,19,1,1,0,0,0,0,0,0,0,12,0,0,0,.053,.053,.053,.106
Troy Stokes,PIT,OF,25,8,18,2,2,1,0,0,2,1,0,1,5,0,0,1,.111,.200,.167,.367
Khalil Lee,NYM,OF,23,11,18,2,1,1,0,0,1,0,0,0,13,0,0,0,.056,.056,.111,.167
Jake Hager,ARI,SS,28,9,18,1,2,0,0,0,2,0,0,4,11,0,0,0,.111,.273,.111,.384
John Nogowski,STL,1B,29,19,18,2,1,0,0,0,0,0,0,1,2,0,0,1,.056,.150,.056,.206
Chadwick Tromp,SF,C,26,9,18,1,4,0,0,1,2,0,0,0,4,0,0,0,.222,.222,.389,.611
Jonathan Davis,NYY,OF,29,12,17,4,1,0,0,0,0,0,0,1,5,0,0,0,.059,.111,.059,.170
Ka'ai Tom,OAK,OF,27,9,16,1,1,0,0,0,1,0,0,0,6,0,0,0,.063,.063,.063,.126
Deven Marrero,MIA,SS,31,10,16,4,3,0,0,1,1,1,0,3,6,0,0,0,.188,.316,.375,.691
Ronald Guzman,TEX,1B,27,7,16,1,1,0,0,1,1,0,0,1,6,0,0,0,.063,.118,.250,.368
Anderson Tejeda,TEX,SS,23,5,16,1,1,0,0,0,0,1,0,1,10,0,0,0,.063,.118,.063,.181
Johan Camargo,ATL,2B,28,15,16,1,0,0,0,0,0,0,0,2,6,0,0,0,.000,.111,.000,.111
Max Moroff,STL,2B,28,6,16,0,1,0,0,0,1,0,0,0,10,0,0,0,.063,.063,.063,.126
Stuart Fairchild,ARI,OF,25,12,15,3,2,1,0,0,2,0,0,1,3,0,0,1,.133,.235,.200,.435
Payton Henry,MIA,C,24,5,15,0,4,1,0,0,0,0,0,1,5,0,0,0,.267,.313,.333,.646
Tyler Nevin,BAL,1B,24,6,14,3,4,2,0,1,3,0,0,4,5,0,0,0,.286,.444,.643,1.087
Jacob Nottingham,MIL,C,26,5,14,2,3,1,0,2,4,0,0,0,8,0,0,0,.214,.214,.714,.928
Mike Tauchman,NYY,OF,31,11,14,1,3,1,0,0,0,2,0,1,6,1,0,0,.214,.267,.286,.553
Ben Gamel,CLE,OF,29,11,14,1,1,1,0,0,0,0,0,3,6,0,0,0,.071,.235,.143,.378
Jon Jay,LAA,OF,36,5,14,2,5,0,0,0,1,0,0,0,2,0,0,0,.357,.357,.357,.714
Jonathan Lucroy,WAS,C,35,5,14,0,5,1,0,0,2,0,0,0,2,0,0,0,.357,.357,.429,.786
Rene Rivera,WAS,C,38,4,14,2,3,0,0,0,0,0,0,0,5,0,0,1,.214,.267,.214,.481
Jarrod Dyson,TOR,OF,37,25,13,4,1,0,0,0,0,2,2,4,5,0,0,0,.077,.294,.077,.371
Jack Lopez,BOS,2B,29,7,13,2,2,2,0,0,0,0,0,1,6,2,0,0,.154,.214,.308,.522
Trent Giambrone,CHC,2B,28,5,13,0,2,0,0,0,0,0,0,0,4,0,0,0,.154,.154,.154,.308
Jacob Wilson,HOU,3B,31,6,13,2,2,1,1,0,1,0,0,1,2,0,0,0,.154,.214,.385,.599
Connor Wong,BOS,C,25,6,13,3,4,1,1,0,1,0,0,1,7,0,0,0,.308,.357,.538,.895
Ildemaro Vargas,PIT,2B,30,7,13,0,1,0,0,0,1,0,0,0,3,0,0,0,.077,.077,.077,.154
Kevin Padlo,TB,3B,25,9,12,1,1,1,0,0,0,0,0,2,8,0,0,0,.083,.214,.167,.381
Brian Miller,MIA,OF,26,5,11,1,3,0,0,0,0,0,0,0,3,0,0,0,.273,.273,.273,.546
Orlando Arcia,MIL,SS,27,4,11,0,1,0,0,0,1,0,0,0,3,0,0,0,.091,.091,.091,.182
Andy Burns,LAD,3B,31,9,11,2,3,1,0,0,0,0,0,3,1,0,0,1,.273,.467,.364,.831
Wilfredo Tovar,NYM,SS,30,6,11,0,2,0,0,0,1,0,0,1,4,0,0,0,.182,.250,.182,.432
Yairo Munoz,BOS,OF,26,5,11,0,1,0,0,0,0,0,0,0,2,0,0,0,.091,.091,.091,.182
Jorge Bonifacio,PHI,OF,28,7,11,0,1,0,0,0,2,0,0,1,6,0,0,0,.091,.167,.091,.258
Eric Campbell,SEA,1B,34,4,11,1,3,0,0,0,0,0,0,1,1,0,0,0,.273,.333,.273,.606
Pete Kozma,OAK,SS,33,3,11,0,1,0,0,0,0,0,0,1,4,0,0,0,.091,.167,.091,.258
Jose Lobaton,CHC,C,37,6,11,1,0,0,0,0,0,0,0,2,5,0,0,0,.000,.154,.000,.154
Tim Lopes,MIL,OF,27,7,10,1,1,0,0,0,0,0,1,1,4,0,0,0,.100,.182,.100,.282
Zach Reks,LAD,OF,28,6,10,2,0,0,0,0,0,0,0,0,7,0,0,0,.000,.000,.000,.000
Nick Williams,CWS,OF,28,4,10,2,0,0,0,0,0,0,0,1,4,0,0,2,.000,.231,.000,.231
Monte Harrison,MIA,OF,26,9,10,0,2,1,0,0,0,0,1,0,3,1,0,0,.200,.200,.300,.500
Jaylin Davis,SF,OF,27,5,9,1,1,1,0,0,0,0,0,0,1,0,0,0,.111,.111,.222,.333
Oneil Cruz,PIT,SS,23,2,9,2,3,0,0,1,3,0,0,0,4,0,0,0,.333,.333,.667,1.000
Chance Sisco,NYM,C,26,5,9,1,1,1,0,0,1,0,0,1,3,0,0,0,.111,.200,.222,.422
Dillon Thomas,SEA,OF,29,4,9,2,1,0,0,0,2,0,0,0,7,0,0,0,.111,.111,.111,.222
Seth Beer,ARI,OF,25,5,9,4,4,1,0,1,3,0,0,1,3,0,0,0,.444,.500,.889,1.389
Jeff Mathis,ATL,C,38,3,9,0,0,0,0,0,0,0,0,0,5,0,0,0,.000,.000,.000,.000
Erick Castillo,CHC,C,28,4,8,0,2,0,0,0,0,0,0,1,1,0,0,0,.250,.333,.250,.583
Jake Hager,NYM,SS,28,5,8,1,1,0,0,0,0,0,0,0,3,0,0,0,.125,.125,.125,.250
Derek Fisher,MIL,OF,28,4,8,1,2,0,1,0,1,0,0,0,1,0,0,0,.250,.250,.500,.750
Luis Gonzalez,CWS,OF,26,6,8,2,2,2,0,0,0,0,0,3,2,0,0,0,.250,.455,.500,.955
Luis Barrera,OAK,OF,26,6,8,1,2,0,0,0,0,0,0,0,2,0,0,0,.250,.250,.250,.500
Austin Allen,OAK,C,27,4,8,2,2,0,0,1,1,0,0,0,3,0,0,0,.250,.250,.625,.875
Ryan McBroom,KC,1B,29,7,8,1,2,0,0,0,0,0,0,1,6,0,0,0,.250,.333,.250,.583
Jacob Robson,DET,OF,27,4,7,1,0,0,0,0,0,0,0,0,4,0,0,0,.000,.000,.000,.000
Keibert Ruiz,LAD,C,23,6,7,1,1,0,0,1,1,0,0,0,5,0,0,0,.143,.143,.571,.714
Matt Thaiss,LAA,C,26,3,7,1,1,0,0,0,0,0,0,1,1,0,0,0,.143,.250,.143,.393
Jacob Wilson,OAK,3B,31,6,7,1,1,0,0,0,0,0,0,0,1,0,0,0,.143,.143,.143,.286
John Andreoli,SD,OF,31,7,6,2,1,1,0,0,0,0,0,1,3,0,0,0,.167,.286,.333,.619
JT Riddle,MIN,3B,30,4,6,1,2,0,0,0,0,0,0,0,0,0,0,0,.333,.333,.333,.666
Ryan Vilade,COL,OF,22,3,6,0,0,0,0,0,0,0,0,1,1,0,0,0,.000,.143,.000,.143
Taylor Motter,BOS,SS,32,3,6,3,2,1,1,0,1,0,0,1,2,0,0,0,.333,.429,.833,1.262
Alex De Goti,HOU,2B,27,2,6,2,2,0,0,0,1,0,0,1,2,0,0,0,.333,.429,.333,.762
Ryan Dorow,TEX,SS,26,3,6,0,0,0,0,0,0,0,0,1,3,0,0,0,.000,.143,.000,.143
Joey Bart,SF,C,25,2,6,1,2,0,0,0,1,0,0,0,2,0,0,0,.333,.333,.333,.666
Luis Marte,MIA,SS,28,4,6,2,1,0,0,0,0,0,0,1,2,0,0,0,.167,.286,.167,.453
Taylor Davis,PIT,C,32,2,5,0,2,0,0,0,0,0,0,1,0,0,0,0,.400,.500,.400,.900
Jonathan Lucroy,ATL,C,35,2,5,2,1,0,0,0,1,0,0,3,2,1,0,0,.200,.500,.200,.700
Scott Hurst,STL,OF,25,7,5,0,0,0,0,0,0,0,0,0,1,0,0,0,.000,.000,.000,.000
Ronnie Dawson,HOU,OF,26,3,5,2,1,0,0,0,0,0,0,1,0,0,0,0,.200,.333,.200,.533
Nick Ciuffo,BAL,C,26,2,5,0,1,1,0,0,0,0,0,1,1,0,0,0,.200,.333,.400,.733
Ali Sanchez,STL,C,24,2,4,0,2,2,0,0,0,0,0,0,0,0,0,0,.500,.500,1.000,1.500
Braden Bishop,SEA,OF,28,8,4,1,1,0,0,0,0,0,0,0,2,1,0,0,.250,.250,.250,.500
Patrick Kivlehan,SD,3B,32,5,4,3,1,0,0,0,2,0,0,2,3,0,1,1,.250,.500,.250,.750
Taylor Gushue,CHC,C,28,2,4,0,0,0,0,0,0,0,0,0,3,0,0,0,.000,.000,.000,.000
Kevan Smith,TB,C,33,3,4,2,1,0,0,0,0,0,0,0,2,0,0,0,.250,.250,.250,.500
Hunter Owen,PIT,3B,28,3,4,0,0,0,0,0,0,0,0,0,3,0,0,1,.000,.200,.000,.200
Trey Amburgey,NYY,OF,27,2,4,0,0,0,0,0,0,0,0,0,2,0,0,0,.000,.000,.000,.000
Ivan Castillo,SD,2B,26,3,3,0,1,0,0,0,1,0,0,1,0,0,0,0,.333,.500,.333,.833
Humberto Arteaga,WAS,SS,27,1,3,0,0,0,0,0,1,0,0,0,0,0,1,0,.000,.000,.000,.000
Jared Hoying,TOR,OF,32,2,3,0,0,0,0,0,0,0,0,0,1,0,0,0,.000,.000,.000,.000
Jakson Reetz,WAS,C,26,2,2,1,1,1,0,0,0,0,0,0,0,0,0,0,.500,.500,1.000,1.500
Corey Ray,MIL,OF,27,1,2,1,0,0,0,0,0,0,0,1,1,0,0,0,.000,.333,.000,.333
Sean Kazmar,ATL,SS,37,3,2,0,0,0,0,0,0,0,0,0,0,0,0,0,.000,.000,.000,.000
Tyler Payne,CHC,C,29,1,2,0,0,0,0,0,0,0,0,0,2,0,0,0,.000,.000,.000,.000
Joe Odom,TB,C,30,2,2,0,0,0,0,0,0,0,0,0,1,0,0,0,.000,.000,.000,.000
Otto Lopez,TOR,2B,23,1,1,0,0,0,0,0,0,0,0,0,1,0,0,0,.000,.000,.000,.000
Cody Wilson,WAS,OF,25,1,1,0,0,0,0,0,0,0,0,0,0,0,0,0,.000,.000,.000,.000
Josh Lowe,TB,OF,23,2,1,0,1,0,0,0,0,1,0,1,0,0,0,0,1.000,1.000,1.000,2.000
Kevin Padlo,SEA,3B,25,1,1,0,0,0,0,0,0,0,0,0,1,0,0,0,.000,.000,.000,.000
Hoy Park,NYY,SS,25,1,1,0,0,0,0,0,0,0,0,0,0,0,0,0,.000,.000,.000,.000
Skye Bolt,SF,OF,28,2,1,0,0,0,0,0,0,0,0,0,1,0,0,0,.000,.000,.000,.000
Tyler Ladendorf,CHC,2B,33,1,1,0,0,0,0,0,0,0,0,0,0,0,0,0,.000,.000,.000,.000
Mario Feliciano,MIL,C,23,1,0,1,0,0,0,0,0,0,0,1,0,0,0,0,.000,1.000,.000,1.000